web_scraper_order,web_scraper_start_url,data,data2,data3,price,data4,data5,data6,data7,data8,data9,data10,data11,data12,data13,data14,data15,data16,data17,data18,data19,data20,data21,data22,data23,data24,data25,data26,image,image2,image3,image4,image5,image6,image7,image8,image9,image10,image11,image12,image13,image14,image15,image16,image17,image18
"1773592602-1","https://www.alibaba.com/search/page?spm=a2700.product_home_fy25.home_login_first_screen_fy23_pc_search_bar.associationItem_pos_0&SearchScene=proSearch&SearchText=kids+toys+hot+selling&pro=true&from=pcHomeContent","Hot Selling Super Soft Plush Stuffed Animals Toys Factory Direct Wholesale Cute Plush Dolls for Kids Gifts","Shandong Beibao Gifts Co., Ltd.","3 yrs","$1.21","Min. order: 100 pieces","Hot","","Selling","Toys","Kids","","4.7","4.7/5.0","(3)","Easy Return","Matches all 2/2 requirements","Chat now","Add to cart","","","","certified","$20 off shipping","Easy Return","CN","","","https://s.alicdn.com/@sc04/kf/H45b7312b2d5048d595d160ecb51d98d1n.jpg_300x300.jpg","","","","https://s.alicdn.com/@img/imgextra/i1/O1CN01H0fqnK1Gpp8Bpra4W_!!6000000000672-55-tps-20-21.svg","https://s.alicdn.com/@sc04/kf/Hdbbb6a106e8d4515be692063768d8fd4J.png_100x100.png?webp=close&avif=close","","https://s.alicdn.com/@u/mobile/g/common/flags/1.0.0/assets/cn.png","https://s.alicdn.com/@img/imgextra/i3/O1CN01Bv2erf1UtOvnQdp1D_!!6000000002575-55-tps-12-10.svg","https://s.alicdn.com/@sc01/kf/H62868c75e7eb4fbba8f8eb600d749c2aR.png","https://s.alicdn.com/@img/imgextra/i4/O1CN01QUhXLX1lDaB0DYt9b_!!6000000004785-2-tps-34-34.png","https://s.alicdn.com/@img/imgextra/i3/O1CN01Bv2erf1UtOvnQdp1D_!!6000000002575-55-tps-12-10.svg","","","https://s.alicdn.com/@img/imgextra/i1/O1CN01skevju1mJMrEIZqWk_!!6000000004933-55-tps-21-21.svg","https://s.alicdn.com/@img/imgextra/i1/O1CN01skevju1mJMrEIZqWk_!!6000000004933-55-tps-21-21.svg","https://s.alicdn.com/@img/imgextra/i1/O1CN01AKovar1kB0OVaoU0M_!!6000000004644-2-tps-34-33.png","https://s.alicdn.com/@img/imgextra/i4/O1CN01QUhXLX1lDaB0DYt9b_!!6000000004785-2-tps-34-34.png"
"1773592602-2","https://www.alibaba.com/search/page?spm=a2700.product_home_fy25.home_login_first_screen_fy23_pc_search_bar.associationItem_pos_0&SearchScene=proSearch&SearchText=kids+toys+hot+selling&pro=true&from=pcHomeContent","Hot Selling 15-25cm Pokemon Plush - High Quality Super Soft Stuffed Animal Multiple Styles Kids Gift","Shenzhen Hengtaihao Technology Co., Ltd.","3 yrs","$2.49","Min. order: 10 pieces","Hot","753 sold","Selling","Kids","","","4.5","4.5/5.0","(20)","Easy Return","Matches all 2/2 requirements","Chat now","Add to cart","","","","certified","Lower priced than similar","Easy Return","CN","","","https://s.alicdn.com/@sc04/kf/A19a14d13184547a39be47e1697c1eb5eo.jpg_300x300.jpg","","","https://s.alicdn.com/@sc04/kf/Hb0e2a0d1a2d44e0ba2491f8e2f92eeedS.png_100x100.png?webp=close&avif=close","https://s.alicdn.com/@img/imgextra/i1/O1CN01H0fqnK1Gpp8Bpra4W_!!6000000000672-55-tps-20-21.svg","","","https://s.alicdn.com/@u/mobile/g/common/flags/1.0.0/assets/cn.png","https://s.alicdn.com/@img/imgextra/i3/O1CN01Bv2erf1UtOvnQdp1D_!!6000000002575-55-tps-12-10.svg","","https://s.alicdn.com/@img/imgextra/i4/O1CN01QUhXLX1lDaB0DYt9b_!!6000000004785-2-tps-34-34.png","","","","https://s.alicdn.com/@img/imgextra/i1/O1CN01skevju1mJMrEIZqWk_!!6000000004933-55-tps-21-21.svg","https://s.alicdn.com/@img/imgextra/i1/O1CN01skevju1mJMrEIZqWk_!!6000000004933-55-tps-21-21.svg","https://s.alicdn.com/@sc01/kf/He15f3630b6674cb697c45c43f49fc3752.png","https://s.alicdn.com/@img/imgextra/i4/O1CN01QUhXLX1lDaB0DYt9b_!!6000000004785-2-tps-34-34.png"
"1773592602-3","https://www.alibaba.com/search/page?spm=a2700.product_home_fy25.home_login_first_screen_fy23_pc_search_bar.associationItem_pos_0&SearchScene=proSearch&SearchText=kids+toys+hot+selling&pro=true&from=pcHomeContent","2025 Hot Selling Felt Montessori Toys Preschool Educational Aids for Babies Toddler Learning Games Fine Motor Skills","Nangong Zuoyi Felt Products Co., Ltd.","10 yrs","$3.99-4.39","Min. order: 200 pieces","Hot","","Selling","Toys","","","5.0","5.0/5.0","(19)","","Matches all 2/2 requirements","Chat now","","","","","certified","","","CN","Ad","","https://s.alicdn.com/@sc04/kf/Hd6ca91dff1b743caa163ae2dfb7fc8f9Z.jpg_300x300.jpg","","","https://s.alicdn.com/@img/imgextra/i4/O1CN01ZQqlCv1icMsN1gizu_!!6000000004433-2-tps-172-64.png?webp=close&avif=close","https://s.alicdn.com/@img/imgextra/i1/O1CN01H0fqnK1Gpp8Bpra4W_!!6000000000672-55-tps-20-21.svg","https://s.alicdn.com/@sc04/kf/Hdbbb6a106e8d4515be692063768d8fd4J.png_100x100.png?webp=close&avif=close","","https://s.alicdn.com/@u/mobile/g/common/flags/1.0.0/assets/cn.png","https://s.alicdn.com/@img/imgextra/i3/O1CN01Bv2erf1UtOvnQdp1D_!!6000000002575-55-tps-12-10.svg","https://s.alicdn.com/@sc01/kf/H62868c75e7eb4fbba8f8eb600d749c2aR.png","","https://s.alicdn.com/@img/imgextra/i3/O1CN01Bv2erf1UtOvnQdp1D_!!6000000002575-55-tps-12-10.svg","https://s.alicdn.com/@img/imgextra/i3/O1CN01Bv2erf1UtOvnQdp1D_!!6000000002575-55-tps-12-10.svg","","https://s.alicdn.com/@img/imgextra/i1/O1CN01skevju1mJMrEIZqWk_!!6000000004933-55-tps-21-21.svg","https://s.alicdn.com/@img/imgextra/i1/O1CN01skevju1mJMrEIZqWk_!!6000000004933-55-tps-21-21.svg","",""
"1773592602-4","https://www.alibaba.com/search/page?spm=a2700.product_home_fy25.home_login_first_screen_fy23_pc_search_bar.associationItem_pos_0&SearchScene=proSearch&SearchText=kids+toys+hot+selling&pro=true&from=pcHomeContent","Hot Selling Bulk Squirtle Plush Doll - Giant Turtle Stuffed Toy for Arcade Prizes Cute Gift & Comfort Pillow for Girls","Wuhan You Hao Technology Co., Ltd.","4 yrs","$3.06-22.64","Min. order: 10 pieces","Hot","74 sold","Selling","Toy","","","4.8","4.8/5.0","(19)","","Matches all 2/2 requirements","Chat now","","","","Easy Return","","","","CN","","","https://s.alicdn.com/@sc04/kf/Hef20bc723ea34e92a539e342378aaad2M.jpg_300x300.jpg","","","","https://s.alicdn.com/@img/imgextra/i1/O1CN01H0fqnK1Gpp8Bpra4W_!!6000000000672-55-tps-20-21.svg","","https://s.alicdn.com/@img/imgextra/i4/O1CN01QUhXLX1lDaB0DYt9b_!!6000000004785-2-tps-34-34.png","https://s.alicdn.com/@u/mobile/g/common/flags/1.0.0/assets/cn.png","https://s.alicdn.com/@img/imgextra/i3/O1CN01Bv2erf1UtOvnQdp1D_!!6000000002575-55-tps-12-10.svg","","","","","","https://s.alicdn.com/@img/imgextra/i1/O1CN01skevju1mJMrEIZqWk_!!6000000004933-55-tps-21-21.svg","https://s.alicdn.com/@img/imgextra/i1/O1CN01skevju1mJMrEIZqWk_!!6000000004933-55-tps-21-21.svg","",""
"1773592602-5","https://www.alibaba.com/search/page?spm=a2700.product_home_fy25.home_login_first_screen_fy23_pc_search_bar.associationItem_pos_0&SearchScene=proSearch&SearchText=kids+toys+hot+selling&pro=true&from=pcHomeContent","Amazon Hot Selling Promotional Gifts Mini Die Cast Alloy Metal Model Kids Plaything Simulation Motorbike for Kid Toy","Yiwu Jimeng Crafts Co., Ltd.","1 yr","$1.12","Min. order: 10 pieces","Hot","","Selling","Kids","Kid","Toy","4.7","4.7/5.0","(66)","FREE shipping","Matches all 2/2 requirements","Chat now","Add to cart","","","","","FREE shipping","","CN","","","https://s.alicdn.com/@sc04/kf/H08bc67dc84524c02ae414f4ad768d1b7G.jpg_300x300.jpg","","","","https://s.alicdn.com/@img/imgextra/i1/O1CN01H0fqnK1Gpp8Bpra4W_!!6000000000672-55-tps-20-21.svg","","","https://s.alicdn.com/@u/mobile/g/common/flags/1.0.0/assets/cn.png","https://s.alicdn.com/@img/imgextra/i3/O1CN01Bv2erf1UtOvnQdp1D_!!6000000002575-55-tps-12-10.svg","","https://s.alicdn.com/@img/imgextra/i1/O1CN01AKovar1kB0OVaoU0M_!!6000000004644-2-tps-34-33.png","","","","https://s.alicdn.com/@img/imgextra/i1/O1CN01skevju1mJMrEIZqWk_!!6000000004933-55-tps-21-21.svg","https://s.alicdn.com/@img/imgextra/i1/O1CN01skevju1mJMrEIZqWk_!!6000000004933-55-tps-21-21.svg","https://s.alicdn.com/@img/imgextra/i1/O1CN01AKovar1kB0OVaoU0M_!!6000000004644-2-tps-34-33.png",""
"1773592602-6","https://www.alibaba.com/search/page?spm=a2700.product_home_fy25.home_login_first_screen_fy23_pc_search_bar.associationItem_pos_0&SearchScene=proSearch&SearchText=kids+toys+hot+selling&pro=true&from=pcHomeContent","Hot Sale Children Unicorn Panda Duck Toy Soft Kids Animal Seat Baby Plush Cotton Sofa Teddy Bear Sofa Chair","Shanghai Zheyi Trading Co., Ltd.","7 yrs","$7.99","Min. order: 10 pieces","Hot","","Toy","Kids","","","4.6","4.6/5.0","(96)","","Matches all 2/2 requirements","Chat now","Add to cart","","","","certified","","","CN","","","https://s.alicdn.com/@sc04/kf/Hf131a6ac0dc241d4ba5f2fd4235d5c0f5.jpg_300x300.jpg","https://s.alicdn.com/@img/imgextra/i3/O1CN01Bv2erf1UtOvnQdp1D_!!6000000002575-55-tps-12-10.svg","","","https://s.alicdn.com/@img/imgextra/i1/O1CN01H0fqnK1Gpp8Bpra4W_!!6000000000672-55-tps-20-21.svg","https://s.alicdn.com/@sc04/kf/Hdbbb6a106e8d4515be692063768d8fd4J.png_100x100.png?webp=close&avif=close","","https://s.alicdn.com/@u/mobile/g/common/flags/1.0.0/assets/cn.png","https://s.alicdn.com/@img/imgextra/i3/O1CN01Bv2erf1UtOvnQdp1D_!!6000000002575-55-tps-12-10.svg","https://s.alicdn.com/@sc01/kf/H62868c75e7eb4fbba8f8eb600d749c2aR.png","","https://s.alicdn.com/@img/imgextra/i3/O1CN01Bv2erf1UtOvnQdp1D_!!6000000002575-55-tps-12-10.svg","https://s.alicdn.com/@img/imgextra/i3/O1CN01Bv2erf1UtOvnQdp1D_!!6000000002575-55-tps-12-10.svg","","https://s.alicdn.com/@img/imgextra/i1/O1CN01skevju1mJMrEIZqWk_!!6000000004933-55-tps-21-21.svg","https://s.alicdn.com/@img/imgextra/i1/O1CN01skevju1mJMrEIZqWk_!!6000000004933-55-tps-21-21.svg","",""
"1773592602-7","https://www.alibaba.com/search/page?spm=a2700.product_home_fy25.home_login_first_screen_fy23_pc_search_bar.associationItem_pos_0&SearchScene=proSearch&SearchText=kids+toys+hot+selling&pro=true&from=pcHomeContent","Best-selling Electric Children's Twist Car with Music & Light Four-Wheel Ride-On Car with Twisting Style for 0-6 Months","Hebei Beiyong Electric Vehicle Co., Ltd.","1 yr","$8.50-10","Min. order: 3 pieces","selling","","","","","","","","","","Matches all 2/2 requirements","Chat now","","","","Easy Return","","","","CN","","","https://s.alicdn.com/@sc04/kf/H66147329952a404dafa5e288bb807365h.jpeg_300x300.jpeg","","","","https://s.alicdn.com/@img/imgextra/i1/O1CN01H0fqnK1Gpp8Bpra4W_!!6000000000672-55-tps-20-21.svg","","https://s.alicdn.com/@img/imgextra/i4/O1CN01QUhXLX1lDaB0DYt9b_!!6000000004785-2-tps-34-34.png","https://s.alicdn.com/@u/mobile/g/common/flags/1.0.0/assets/cn.png","https://s.alicdn.com/@img/imgextra/i2/O1CN01lUQbI41ymTPgE2qXM_!!6000000006621-55-tps-12-10.svg","","","","","","https://s.alicdn.com/@img/imgextra/i1/O1CN01skevju1mJMrEIZqWk_!!6000000004933-55-tps-21-21.svg","https://s.alicdn.com/@img/imgextra/i1/O1CN01skevju1mJMrEIZqWk_!!6000000004933-55-tps-21-21.svg","",""
"1773592602-8","https://www.alibaba.com/search/page?spm=a2700.product_home_fy25.home_login_first_screen_fy23_pc_search_bar.associationItem_pos_0&SearchScene=proSearch&SearchText=kids+toys+hot+selling&pro=true&from=pcHomeContent","Kids Hot Selling Number and Letter Cartoon Play Foam Toys Non-toxic Floating Bath Toys for Baby","Huizhou City Nanxin Rubber&plastic Products Co., Ltd.","5 yrs","$2-2.50","Min. order: 10000 pieces","Kids","","Hot","Selling","Toys","Toys","4.9","4.9/5.0","(16)","","Matches all 2/2 requirements","Chat now","","","","Easy Return","","","","CN","","","https://s.alicdn.com/@sc04/kf/H132c7d2858f04606a111e5f395dcb152V.png_300x300.png","","","https://s.alicdn.com/@img/imgextra/i4/O1CN01ZQqlCv1icMsN1gizu_!!6000000004433-2-tps-172-64.png?webp=close&avif=close","https://s.alicdn.com/@img/imgextra/i1/O1CN01H0fqnK1Gpp8Bpra4W_!!6000000000672-55-tps-20-21.svg","","https://s.alicdn.com/@img/imgextra/i4/O1CN01QUhXLX1lDaB0DYt9b_!!6000000004785-2-tps-34-34.png","https://s.alicdn.com/@u/mobile/g/common/flags/1.0.0/assets/cn.png","https://s.alicdn.com/@img/imgextra/i3/O1CN01Bv2erf1UtOvnQdp1D_!!6000000002575-55-tps-12-10.svg","https://s.alicdn.com/@sc01/kf/H62868c75e7eb4fbba8f8eb600d749c2aR.png","","https://s.alicdn.com/@img/imgextra/i3/O1CN01Bv2erf1UtOvnQdp1D_!!6000000002575-55-tps-12-10.svg","https://s.alicdn.com/@img/imgextra/i3/O1CN01Bv2erf1UtOvnQdp1D_!!6000000002575-55-tps-12-10.svg","","https://s.alicdn.com/@img/imgextra/i1/O1CN01skevju1mJMrEIZqWk_!!6000000004933-55-tps-21-21.svg","https://s.alicdn.com/@img/imgextra/i1/O1CN01skevju1mJMrEIZqWk_!!6000000004933-55-tps-21-21.svg","",""
"1773592602-9","https://www.alibaba.com/search/page?spm=a2700.product_home_fy25.home_login_first_screen_fy23_pc_search_bar.associationItem_pos_0&SearchScene=proSearch&SearchText=kids+toys+hot+selling&pro=true&from=pcHomeContent","Wholesale HQ Hot Kinqee Hot Sell Creative Light up Led Colorful Glowing 30cm Teddy Bear Stuffed Animal Plush Toy Christmas Gift","Nanjing Tongxinzhirong International Trade Co., Ltd.","2 yrs","$2.38-2.99","Min. order: 12 pieces","Hot","","Hot","Sell","Toy","","4.8","4.8/5.0","(49)","5% off $2,000","Matches all 2/2 requirements","Chat now","","","","","","5% off $2,000","","CN","","","https://s.alicdn.com/@sc04/kf/H54737929d37c45d9b8beda8212c47283e.jpg_300x300.jpg","","","https://s.alicdn.com/@img/imgextra/i4/O1CN01ZQqlCv1icMsN1gizu_!!6000000004433-2-tps-172-64.png?webp=close&avif=close","https://s.alicdn.com/@img/imgextra/i1/O1CN01H0fqnK1Gpp8Bpra4W_!!6000000000672-55-tps-20-21.svg","","","https://s.alicdn.com/@u/mobile/g/common/flags/1.0.0/assets/cn.png","https://s.alicdn.com/@img/imgextra/i3/O1CN01Bv2erf1UtOvnQdp1D_!!6000000002575-55-tps-12-10.svg","https://s.alicdn.com/@sc01/kf/H62868c75e7eb4fbba8f8eb600d749c2aR.png","https://s.alicdn.com/@img/imgextra/i3/O1CN01mhQx6j25bfQson9wW_!!6000000007545-2-tps-56-56.png","https://s.alicdn.com/@img/imgextra/i3/O1CN01Bv2erf1UtOvnQdp1D_!!6000000002575-55-tps-12-10.svg","","","https://s.alicdn.com/@img/imgextra/i1/O1CN01skevju1mJMrEIZqWk_!!6000000004933-55-tps-21-21.svg","https://s.alicdn.com/@img/imgextra/i1/O1CN01skevju1mJMrEIZqWk_!!6000000004933-55-tps-21-21.svg","https://s.alicdn.com/@img/imgextra/i3/O1CN01mhQx6j25bfQson9wW_!!6000000007545-2-tps-56-56.png",""
"1773592602-10","https://www.alibaba.com/search/page?spm=a2700.product_home_fy25.home_login_first_screen_fy23_pc_search_bar.associationItem_pos_0&SearchScene=proSearch&SearchText=kids+toys+hot+selling&pro=true&from=pcHomeContent","Hot Selling Educational Kids Funny Magic Water Grow Dolphin Dog Cactus Turtle Ocean Toys Diy Science Kit","Jinhua Lurun Animation&culture Co., Ltd.","4 yrs","$0.30-0.32","Min. order: 10000 pieces","Hot","","Selling","Kids","Toys","","","","","","Matches all 2/2 requirements","Chat now","","","","","","","","CN","","","https://s.alicdn.com/@sc04/kf/H7b0467b51d2f4a4d9f859368a31767b5F.jpg_300x300.jpg","","","","https://s.alicdn.com/@img/imgextra/i1/O1CN01H0fqnK1Gpp8Bpra4W_!!6000000000672-55-tps-20-21.svg","","","https://s.alicdn.com/@u/mobile/g/common/flags/1.0.0/assets/cn.png","https://s.alicdn.com/@img/imgextra/i2/O1CN01lUQbI41ymTPgE2qXM_!!6000000006621-55-tps-12-10.svg","","","","","","https://s.alicdn.com/@img/imgextra/i1/O1CN01skevju1mJMrEIZqWk_!!6000000004933-55-tps-21-21.svg","https://s.alicdn.com/@img/imgextra/i1/O1CN01skevju1mJMrEIZqWk_!!6000000004933-55-tps-21-21.svg","",""
"1773592602-11","https://www.alibaba.com/search/page?spm=a2700.product_home_fy25.home_login_first_screen_fy23_pc_search_bar.associationItem_pos_0&SearchScene=proSearch&SearchText=kids+toys+hot+selling&pro=true&from=pcHomeContent","Hot Selling Indoor Outdoor LED Lights Music 18CM Electric Hover Football High Elastic Foam Edge Wrapping Sport Game Toy for Kids","Shenzhen Brin Technology Co., Ltd.","3 yrs","$1.09-1.43","Min. order: 50 pieces","Hot","","Selling","Toy","Kids","","4.8","4.8/5.0","(91)","","Matches all 2/2 requirements","Chat now","","","","Easy Return","","","","CN","","","https://s.alicdn.com/@sc04/kf/H23e534e764e14940b692cb5f7e13a6985.jpg_300x300.jpg","","","","https://s.alicdn.com/@img/imgextra/i1/O1CN01H0fqnK1Gpp8Bpra4W_!!6000000000672-55-tps-20-21.svg","","https://s.alicdn.com/@img/imgextra/i4/O1CN01QUhXLX1lDaB0DYt9b_!!6000000004785-2-tps-34-34.png","https://s.alicdn.com/@u/mobile/g/common/flags/1.0.0/assets/cn.png","https://s.alicdn.com/@img/imgextra/i3/O1CN01Bv2erf1UtOvnQdp1D_!!6000000002575-55-tps-12-10.svg","https://s.alicdn.com/@sc01/kf/H62868c75e7eb4fbba8f8eb600d749c2aR.png","","https://s.alicdn.com/@img/imgextra/i3/O1CN01Bv2erf1UtOvnQdp1D_!!6000000002575-55-tps-12-10.svg","","","https://s.alicdn.com/@img/imgextra/i1/O1CN01skevju1mJMrEIZqWk_!!6000000004933-55-tps-21-21.svg","https://s.alicdn.com/@img/imgextra/i1/O1CN01skevju1mJMrEIZqWk_!!6000000004933-55-tps-21-21.svg","",""
"1773592602-12","https://www.alibaba.com/search/page?spm=a2700.product_home_fy25.home_login_first_screen_fy23_pc_search_bar.associationItem_pos_0&SearchScene=proSearch&SearchText=kids+toys+hot+selling&pro=true&from=pcHomeContent","Hot Selling Summer Kid Favorite Rocket Boom Bubble Gun 40 Holes Bazooka Bubble Machine Outdoor for Kids' Toys Children's Gift","Yiwu Sanqiu Trading Co., Ltd.","3 yrs","$1.20-1.60","Min. order: 24 pieces","Hot","","Selling","Kid","Kids","Toys","5.0","5.0/5.0","(6)","","Matches all 2/2 requirements","Chat now","","","","Easy Return","","","","CN","","","https://s.alicdn.com/@sc04/kf/Hbbd090a613c54b6fb7c8e4b51e2b183ax.jpg_300x300.jpg","","","","https://s.alicdn.com/@img/imgextra/i1/O1CN01H0fqnK1Gpp8Bpra4W_!!6000000000672-55-tps-20-21.svg","","https://s.alicdn.com/@img/imgextra/i4/O1CN01QUhXLX1lDaB0DYt9b_!!6000000004785-2-tps-34-34.png","https://s.alicdn.com/@u/mobile/g/common/flags/1.0.0/assets/cn.png","https://s.alicdn.com/@img/imgextra/i3/O1CN01Bv2erf1UtOvnQdp1D_!!6000000002575-55-tps-12-10.svg","","","","","","https://s.alicdn.com/@img/imgextra/i1/O1CN01skevju1mJMrEIZqWk_!!6000000004933-55-tps-21-21.svg","https://s.alicdn.com/@img/imgextra/i1/O1CN01skevju1mJMrEIZqWk_!!6000000004933-55-tps-21-21.svg","",""
"1773592602-13","https://www.alibaba.com/search/page?spm=a2700.product_home_fy25.home_login_first_screen_fy23_pc_search_bar.associationItem_pos_0&SearchScene=proSearch&SearchText=kids+toys+hot+selling&pro=true&from=pcHomeContent","2025 Year Hot Sell 3D Diy Magnetic Tiles Magnetic Blocks Construction Block Sets","Yongkang Xinxinle Technology Co., Ltd.","2 yrs","$3.85-4.55","Min. order: 1 set","Hot","995 sold","Sell","","","","4.2","4.2/5.0","(6)","","Matches all 2/2 requirements","Chat now","","","","Easy Return","certified","","","CN","","","https://s.alicdn.com/@sc04/kf/Hc0acd644ed624629955e2f781b312252Y.jpg_300x300.jpg","","https://s.alicdn.com/@sc04/kf/H1603a777e41b4b4eb3cba19c631cff6cX.png_100x100.png?webp=close&avif=close","https://s.alicdn.com/@img/imgextra/i4/O1CN01ZQqlCv1icMsN1gizu_!!6000000004433-2-tps-172-64.png?webp=close&avif=close","https://s.alicdn.com/@img/imgextra/i1/O1CN01H0fqnK1Gpp8Bpra4W_!!6000000000672-55-tps-20-21.svg","https://s.alicdn.com/@sc04/kf/Hdbbb6a106e8d4515be692063768d8fd4J.png_100x100.png?webp=close&avif=close","https://s.alicdn.com/@img/imgextra/i4/O1CN01QUhXLX1lDaB0DYt9b_!!6000000004785-2-tps-34-34.png","https://s.alicdn.com/@u/mobile/g/common/flags/1.0.0/assets/cn.png","https://s.alicdn.com/@img/imgextra/i2/O1CN01lUQbI41ymTPgE2qXM_!!6000000006621-55-tps-12-10.svg","https://s.alicdn.com/@sc01/kf/H62868c75e7eb4fbba8f8eb600d749c2aR.png","","","","","https://s.alicdn.com/@img/imgextra/i1/O1CN01skevju1mJMrEIZqWk_!!6000000004933-55-tps-21-21.svg","https://s.alicdn.com/@img/imgextra/i1/O1CN01skevju1mJMrEIZqWk_!!6000000004933-55-tps-21-21.svg","",""
"1773592602-14","https://www.alibaba.com/search/page?spm=a2700.product_home_fy25.home_login_first_screen_fy23_pc_search_bar.associationItem_pos_0&SearchScene=proSearch&SearchText=kids+toys+hot+selling&pro=true&from=pcHomeContent","Hot Selling Unisex EVA Elf Jumping Doll Promotional Bounce Stress Relief Fidget Toy Novelty Gift for Kids","Yiwu Baoshi Toys Co., Ltd.","3 yrs","$0.20","Min. order: 100 pieces","Hot","","Selling","Toy","Kids","","4.7","4.7/5.0","(70)","Easy Return","Matches all 2/2 requirements","Chat now","Add to cart","","","","certified","FREE shipping","Easy Return","CN","","","https://s.alicdn.com/@sc04/kf/H9fa150b8a2f341a792c2d19d4468ea46a.jpg_300x300.jpg","","","","https://s.alicdn.com/@img/imgextra/i1/O1CN01H0fqnK1Gpp8Bpra4W_!!6000000000672-55-tps-20-21.svg","https://s.alicdn.com/@sc04/kf/Hdbbb6a106e8d4515be692063768d8fd4J.png_100x100.png?webp=close&avif=close","","https://s.alicdn.com/@u/mobile/g/common/flags/1.0.0/assets/cn.png","https://s.alicdn.com/@img/imgextra/i3/O1CN01Bv2erf1UtOvnQdp1D_!!6000000002575-55-tps-12-10.svg","","https://s.alicdn.com/@img/imgextra/i4/O1CN01QUhXLX1lDaB0DYt9b_!!6000000004785-2-tps-34-34.png","","","","https://s.alicdn.com/@img/imgextra/i1/O1CN01skevju1mJMrEIZqWk_!!6000000004933-55-tps-21-21.svg","https://s.alicdn.com/@img/imgextra/i1/O1CN01skevju1mJMrEIZqWk_!!6000000004933-55-tps-21-21.svg","https://s.alicdn.com/@img/imgextra/i1/O1CN01AKovar1kB0OVaoU0M_!!6000000004644-2-tps-34-33.png","https://s.alicdn.com/@img/imgextra/i4/O1CN01QUhXLX1lDaB0DYt9b_!!6000000004785-2-tps-34-34.png"
"1773592602-15","https://www.alibaba.com/search/page?spm=a2700.product_home_fy25.home_login_first_screen_fy23_pc_search_bar.associationItem_pos_0&SearchScene=proSearch&SearchText=kids+toys+hot+selling&pro=true&from=pcHomeContent","Hot Selling LED Lights Luminous Lantern Bobo Balloon Cartoon Animal Sticker Pattern for Birthday Party Flashing Kids Toy","Shenzhen Puindo New Material Co., Ltd.","3 yrs","$0.42","Min. order: 100 pieces","Hot","","Selling","Kids","Toy","","4.9","4.9/5.0","(7)","","Matches all 2/2 requirements","Chat now","","","","Easy Return","","","","CN","","","https://s.alicdn.com/@sc04/kf/Hc9556e85dabc44bb97a6c4eb165fd68cK.jpg_300x300.jpg","","","","https://s.alicdn.com/@img/imgextra/i1/O1CN01H0fqnK1Gpp8Bpra4W_!!6000000000672-55-tps-20-21.svg","","https://s.alicdn.com/@img/imgextra/i4/O1CN01QUhXLX1lDaB0DYt9b_!!6000000004785-2-tps-34-34.png","https://s.alicdn.com/@u/mobile/g/common/flags/1.0.0/assets/cn.png","https://s.alicdn.com/@img/imgextra/i3/O1CN01Bv2erf1UtOvnQdp1D_!!6000000002575-55-tps-12-10.svg","","","","","","https://s.alicdn.com/@img/imgextra/i1/O1CN01skevju1mJMrEIZqWk_!!6000000004933-55-tps-21-21.svg","https://s.alicdn.com/@img/imgextra/i1/O1CN01skevju1mJMrEIZqWk_!!6000000004933-55-tps-21-21.svg","",""
"1773592602-16","https://www.alibaba.com/search/page?spm=a2700.product_home_fy25.home_login_first_screen_fy23_pc_search_bar.associationItem_pos_0&SearchScene=proSearch&SearchText=kids+toys+hot+selling&pro=true&from=pcHomeContent","Wholesale Unisex Hot Sale Led Party Light Bazooka Blaster Bubble Gun 69 Holes Outdoor Summer Toy Lighting Light Bubble Machine","In the trend inc","1 yr","$2.40-2.70","Min. order: 36 pieces","Hot","","Toy","","","","","","","","Matches all 2/2 requirements","Chat now","","","","","","","","US","","","https://s.alicdn.com/@sc04/kf/H0bd56463e9cc419ba7f1db0b34c6e3cab.jpg_300x300.jpg","https://s.alicdn.com/@img/imgextra/i3/O1CN01Bv2erf1UtOvnQdp1D_!!6000000002575-55-tps-12-10.svg","","https://s.alicdn.com/@img/imgextra/i4/O1CN01ZQqlCv1icMsN1gizu_!!6000000004433-2-tps-172-64.png?webp=close&avif=close","https://s.alicdn.com/@img/imgextra/i1/O1CN01H0fqnK1Gpp8Bpra4W_!!6000000000672-55-tps-20-21.svg","","","https://s.alicdn.com/@u/mobile/g/common/flags/1.0.0/assets/us.png","https://s.alicdn.com/@img/imgextra/i3/O1CN01Bv2erf1UtOvnQdp1D_!!6000000002575-55-tps-12-10.svg","","","https://s.alicdn.com/@img/imgextra/i3/O1CN01Bv2erf1UtOvnQdp1D_!!6000000002575-55-tps-12-10.svg","https://s.alicdn.com/@img/imgextra/i3/O1CN01Bv2erf1UtOvnQdp1D_!!6000000002575-55-tps-12-10.svg","","https://s.alicdn.com/@img/imgextra/i1/O1CN01skevju1mJMrEIZqWk_!!6000000004933-55-tps-21-21.svg","https://s.alicdn.com/@img/imgextra/i1/O1CN01skevju1mJMrEIZqWk_!!6000000004933-55-tps-21-21.svg","",""
"1773592602-17","https://www.alibaba.com/search/page?spm=a2700.product_home_fy25.home_login_first_screen_fy23_pc_search_bar.associationItem_pos_0&SearchScene=proSearch&SearchText=kids+toys+hot+selling&pro=true&from=pcHomeContent","New Hot-Selling Spray-Painted Dragon Knife & Shark Knife with Multicolor Lights Gravity-Sensing Sound & Light Effects Flash Toy","Yiwu Kangying Toy Firm","1 yr","$0.76-0.82","Min. order: 1 piece","Hot","","Selling","Toy","","","3.4","3.4/5.0","(1)","","Matches all 2/2 requirements","Chat now","","","","Easy Return","","","","CN","","","https://s.alicdn.com/@sc04/kf/H7524649f23c84cce9836dc28339d12f1G.jpg_300x300.jpg","","","","https://s.alicdn.com/@img/imgextra/i1/O1CN01H0fqnK1Gpp8Bpra4W_!!6000000000672-55-tps-20-21.svg","","https://s.alicdn.com/@img/imgextra/i4/O1CN01QUhXLX1lDaB0DYt9b_!!6000000004785-2-tps-34-34.png","https://s.alicdn.com/@u/mobile/g/common/flags/1.0.0/assets/cn.png","https://s.alicdn.com/@img/imgextra/i2/O1CN01lUQbI41ymTPgE2qXM_!!6000000006621-55-tps-12-10.svg","","","","","","https://s.alicdn.com/@img/imgextra/i1/O1CN01skevju1mJMrEIZqWk_!!6000000004933-55-tps-21-21.svg","https://s.alicdn.com/@img/imgextra/i1/O1CN01skevju1mJMrEIZqWk_!!6000000004933-55-tps-21-21.svg","",""
"1773592602-18","https://www.alibaba.com/search/page?spm=a2700.product_home_fy25.home_login_first_screen_fy23_pc_search_bar.associationItem_pos_0&SearchScene=proSearch&SearchText=kids+toys+hot+selling&pro=true&from=pcHomeContent","Hot Selling Dinosaur Plastic Bathroom Bathtub Water Toy for Kids Wall Rotate Shower Baby Toy","Shantou Yuansheng Trading Co., Ltd.","5 yrs","$2.75-2.91","Min. order: 300 pieces","Hot","","Selling","Toy","Kids","Toy","4.7","4.7/5.0","(88)","","Matches all 2/2 requirements","Chat now","","","","Easy Return","","","","CN","","","https://s.alicdn.com/@sc04/kf/Hf4914e38bf3446fc8449b999cf1bee37C.png_300x300.png","","","https://s.alicdn.com/@img/imgextra/i4/O1CN01ZQqlCv1icMsN1gizu_!!6000000004433-2-tps-172-64.png?webp=close&avif=close","https://s.alicdn.com/@img/imgextra/i1/O1CN01H0fqnK1Gpp8Bpra4W_!!6000000000672-55-tps-20-21.svg","","https://s.alicdn.com/@img/imgextra/i4/O1CN01QUhXLX1lDaB0DYt9b_!!6000000004785-2-tps-34-34.png","https://s.alicdn.com/@u/mobile/g/common/flags/1.0.0/assets/cn.png","https://s.alicdn.com/@img/imgextra/i3/O1CN01Bv2erf1UtOvnQdp1D_!!6000000002575-55-tps-12-10.svg","https://s.alicdn.com/@sc01/kf/H62868c75e7eb4fbba8f8eb600d749c2aR.png","","https://s.alicdn.com/@img/imgextra/i3/O1CN01Bv2erf1UtOvnQdp1D_!!6000000002575-55-tps-12-10.svg","","","https://s.alicdn.com/@img/imgextra/i1/O1CN01skevju1mJMrEIZqWk_!!6000000004933-55-tps-21-21.svg","https://s.alicdn.com/@img/imgextra/i1/O1CN01skevju1mJMrEIZqWk_!!6000000004933-55-tps-21-21.svg","",""
"1773592602-19","https://www.alibaba.com/search/page?spm=a2700.product_home_fy25.home_login_first_screen_fy23_pc_search_bar.associationItem_pos_0&SearchScene=proSearch&SearchText=kids+toys+hot+selling&pro=true&from=pcHomeContent","2025 Wholesale Best Selling Cartoon Fun Clockwork Toys Airplane Clockwork Helicopter Children's Toys Prize Toys Wholesale","Yiwu Xingjian Jewelry Co., Ltd.","2 yrs","$0.37-0.50","Min. order: 10 pieces","Selling","","Toys","Toys","Toys","","4.1","4.1/5.0","(96)","","Matches all 2/2 requirements","Chat now","","","","","","","","CN","","","https://s.alicdn.com/@sc04/kf/H381a9986931940879f4efb1e2273feb1j.jpg_300x300.jpg","","","","https://s.alicdn.com/@img/imgextra/i1/O1CN01H0fqnK1Gpp8Bpra4W_!!6000000000672-55-tps-20-21.svg","","","https://s.alicdn.com/@u/mobile/g/common/flags/1.0.0/assets/cn.png","https://s.alicdn.com/@img/imgextra/i3/O1CN01Bv2erf1UtOvnQdp1D_!!6000000002575-55-tps-12-10.svg","","","","","","https://s.alicdn.com/@img/imgextra/i1/O1CN01skevju1mJMrEIZqWk_!!6000000004933-55-tps-21-21.svg","https://s.alicdn.com/@img/imgextra/i1/O1CN01skevju1mJMrEIZqWk_!!6000000004933-55-tps-21-21.svg","",""
"1773592602-20","https://www.alibaba.com/search/page?spm=a2700.product_home_fy25.home_login_first_screen_fy23_pc_search_bar.associationItem_pos_0&SearchScene=proSearch&SearchText=kids+toys+hot+selling&pro=true&from=pcHomeContent","Wholesale Hot-selling joy Indoor Outdoor Kid Playing Toy Inflatable Castle Inflatable Bounce House Jumping Trampoline","Zhongshan Tidea Toys Manufacturing Ltd.","4 yrs","$209.36","Min. order: 50 pieces","Hot","","selling","Kid","Toy","","4.7","4.7/5.0","(22)","Easy Return","Matches all 2/2 requirements","Chat now","Add to cart","","","","certified","$20 off shipping","Easy Return","CN","","","https://s.alicdn.com/@sc04/kf/H0234951b1a4c4efaa1439add136e3f21N.png_300x300.png","","","https://s.alicdn.com/@sc04/kf/H2bfd58a5d4fb46ceb85d3c18dc8dd450d.png_100x100.png?webp=close&avif=close","https://s.alicdn.com/@img/imgextra/i1/O1CN01H0fqnK1Gpp8Bpra4W_!!6000000000672-55-tps-20-21.svg","","","https://s.alicdn.com/@u/mobile/g/common/flags/1.0.0/assets/cn.png","https://s.alicdn.com/@img/imgextra/i3/O1CN01Bv2erf1UtOvnQdp1D_!!6000000002575-55-tps-12-10.svg","https://s.alicdn.com/@sc01/kf/H62868c75e7eb4fbba8f8eb600d749c2aR.png","https://s.alicdn.com/@img/imgextra/i4/O1CN01QUhXLX1lDaB0DYt9b_!!6000000004785-2-tps-34-34.png","","","","https://s.alicdn.com/@img/imgextra/i1/O1CN01skevju1mJMrEIZqWk_!!6000000004933-55-tps-21-21.svg","https://s.alicdn.com/@img/imgextra/i1/O1CN01skevju1mJMrEIZqWk_!!6000000004933-55-tps-21-21.svg","https://s.alicdn.com/@img/imgextra/i1/O1CN01AKovar1kB0OVaoU0M_!!6000000004644-2-tps-34-33.png","https://s.alicdn.com/@img/imgextra/i4/O1CN01QUhXLX1lDaB0DYt9b_!!6000000004785-2-tps-34-34.png"
"1773592602-21","https://www.alibaba.com/search/page?spm=a2700.product_home_fy25.home_login_first_screen_fy23_pc_search_bar.associationItem_pos_0&SearchScene=proSearch&SearchText=kids+toys+hot+selling&pro=true&from=pcHomeContent","Hot Selling MorisMos 36-Inch Unisex Giant Teddy Bear Soft Plush Stuffed Animal Comforter Pink Weighted for Girls Kids","Yangzhou Rongwangda International Trade Co., Ltd.","1 yr","$6-7.40","Min. order: 1 piece","Hot","","Selling","Kids","","","5.0","5.0/5.0","(1)","","Matches all 2/2 requirements","Chat now","","","","Easy Return","","","","","","","https://s.alicdn.com/@sc04/kf/Hc3d098aade8d425e8a80b0e26c9215fet.jpg_300x300.jpg","","","","https://s.alicdn.com/@img/imgextra/i1/O1CN01H0fqnK1Gpp8Bpra4W_!!6000000000672-55-tps-20-21.svg","","https://s.alicdn.com/@img/imgextra/i4/O1CN01QUhXLX1lDaB0DYt9b_!!6000000004785-2-tps-34-34.png","","https://s.alicdn.com/@img/imgextra/i2/O1CN01lUQbI41ymTPgE2qXM_!!6000000006621-55-tps-12-10.svg","","","","","","https://s.alicdn.com/@img/imgextra/i1/O1CN01skevju1mJMrEIZqWk_!!6000000004933-55-tps-21-21.svg","https://s.alicdn.com/@img/imgextra/i1/O1CN01skevju1mJMrEIZqWk_!!6000000004933-55-tps-21-21.svg","",""
"1773592602-22","https://www.alibaba.com/search/page?spm=a2700.product_home_fy25.home_login_first_screen_fy23_pc_search_bar.associationItem_pos_0&SearchScene=proSearch&SearchText=kids+toys+hot+selling&pro=true&from=pcHomeContent","Hot Selling Plastic Swing Cars for Baby/ Cheap Price Easy Children Ride on Toy Car Ride for Kids","Xingtai Jiuda Bike Co., Ltd.","7 yrs","$5-6","Min. order: 30 pieces","Hot","","Selling","Toy","Kids","","4.9","4.9/5.0","(21)","","Matches all 2/2 requirements","Chat now","","","","Easy Return","certified","","","CN","","","https://s.alicdn.com/@sc04/kf/H16b4d69347b64c16a74b678c2c46f093U.jpg_300x300.jpg","","","","https://s.alicdn.com/@img/imgextra/i1/O1CN01H0fqnK1Gpp8Bpra4W_!!6000000000672-55-tps-20-21.svg","https://s.alicdn.com/@sc04/kf/Hdbbb6a106e8d4515be692063768d8fd4J.png_100x100.png?webp=close&avif=close","https://s.alicdn.com/@img/imgextra/i4/O1CN01QUhXLX1lDaB0DYt9b_!!6000000004785-2-tps-34-34.png","https://s.alicdn.com/@u/mobile/g/common/flags/1.0.0/assets/cn.png","https://s.alicdn.com/@img/imgextra/i3/O1CN01Bv2erf1UtOvnQdp1D_!!6000000002575-55-tps-12-10.svg","https://s.alicdn.com/@sc01/kf/H62868c75e7eb4fbba8f8eb600d749c2aR.png","","https://s.alicdn.com/@img/imgextra/i3/O1CN01Bv2erf1UtOvnQdp1D_!!6000000002575-55-tps-12-10.svg","","","https://s.alicdn.com/@img/imgextra/i1/O1CN01skevju1mJMrEIZqWk_!!6000000004933-55-tps-21-21.svg","https://s.alicdn.com/@img/imgextra/i1/O1CN01skevju1mJMrEIZqWk_!!6000000004933-55-tps-21-21.svg","",""
"1773592602-23","https://www.alibaba.com/search/page?spm=a2700.product_home_fy25.home_login_first_screen_fy23_pc_search_bar.associationItem_pos_0&SearchScene=proSearch&SearchText=kids+toys+hot+selling&pro=true&from=pcHomeContent","Hot Selling Unisex Bumper Cars for Children Battery-Powered Ride-On Bumper Cars","XY INTERNATIONAL TRADE CO., LTD.","2 yrs","$20-35","Min. order: 10 pieces","Hot","","Selling","","","","5.0","5.0/5.0","(1)","","Matches all 2/2 requirements","Chat now","","","","Easy Return","","","","CN","","","https://s.alicdn.com/@sc04/kf/H1a9e4234e6b846ab9d416188cdd2273fz.jpg_300x300.jpg","","","","https://s.alicdn.com/@img/imgextra/i1/O1CN01H0fqnK1Gpp8Bpra4W_!!6000000000672-55-tps-20-21.svg","","https://s.alicdn.com/@img/imgextra/i4/O1CN01QUhXLX1lDaB0DYt9b_!!6000000004785-2-tps-34-34.png","https://s.alicdn.com/@u/mobile/g/common/flags/1.0.0/assets/cn.png","https://s.alicdn.com/@img/imgextra/i2/O1CN01lUQbI41ymTPgE2qXM_!!6000000006621-55-tps-12-10.svg","","","","","","https://s.alicdn.com/@img/imgextra/i1/O1CN01skevju1mJMrEIZqWk_!!6000000004933-55-tps-21-21.svg","https://s.alicdn.com/@img/imgextra/i1/O1CN01skevju1mJMrEIZqWk_!!6000000004933-55-tps-21-21.svg","",""
"1773592602-24","https://www.alibaba.com/search/page?spm=a2700.product_home_fy25.home_login_first_screen_fy23_pc_search_bar.associationItem_pos_0&SearchScene=proSearch&SearchText=kids+toys+hot+selling&pro=true&from=pcHomeContent","New Hot Selling Car Transportation Toys Kids Truck Engineering Toys for Kids","Shantou Cypress Toys Co., Ltd.","11 yrs","$7.72-9.82","Min. order: 120 pieces","Hot","","Selling","Toys","Kids","Toys","4.9","4.9/5.0","(9)","","Matches all 2/2 requirements","Chat now","","Kids","","Easy Return","","","","CN","","","https://s.alicdn.com/@sc04/kf/H6e399181a74a4358907d0016c75edff6E.jpg_300x300.jpg","","","https://s.alicdn.com/@img/imgextra/i4/O1CN01ZQqlCv1icMsN1gizu_!!6000000004433-2-tps-172-64.png?webp=close&avif=close","https://s.alicdn.com/@img/imgextra/i1/O1CN01H0fqnK1Gpp8Bpra4W_!!6000000000672-55-tps-20-21.svg","","https://s.alicdn.com/@img/imgextra/i4/O1CN01QUhXLX1lDaB0DYt9b_!!6000000004785-2-tps-34-34.png","https://s.alicdn.com/@u/mobile/g/common/flags/1.0.0/assets/cn.png","https://s.alicdn.com/@img/imgextra/i3/O1CN01Bv2erf1UtOvnQdp1D_!!6000000002575-55-tps-12-10.svg","https://s.alicdn.com/@sc01/kf/H62868c75e7eb4fbba8f8eb600d749c2aR.png","","https://s.alicdn.com/@img/imgextra/i3/O1CN01Bv2erf1UtOvnQdp1D_!!6000000002575-55-tps-12-10.svg","","","https://s.alicdn.com/@img/imgextra/i1/O1CN01skevju1mJMrEIZqWk_!!6000000004933-55-tps-21-21.svg","https://s.alicdn.com/@img/imgextra/i1/O1CN01skevju1mJMrEIZqWk_!!6000000004933-55-tps-21-21.svg","",""
"1773592602-25","https://www.alibaba.com/search/page?spm=a2700.product_home_fy25.home_login_first_screen_fy23_pc_search_bar.associationItem_pos_0&SearchScene=proSearch&SearchText=kids+toys+hot+selling&pro=true&from=pcHomeContent","Hot Selling Cheaper Electric Plastic Four-Wheel Balance Ride-On Toy 1-4 Year Old Kids Bike Toddlers' Power Riding 3 in 1","Pingxiang Mishore Kids Toys Factory","1 yr","$3.40-4.97","Min. order: 2 pieces","Hot","","Selling","Toy","Kids","","","","","","Matches all 2/2 requirements","Chat now","","","","Easy Return","","","","CN","","","https://s.alicdn.com/@sc04/kf/Hd139aea0b2cb40799ea1db9e1000d761q.jpg_300x300.jpg","","","","https://s.alicdn.com/@img/imgextra/i1/O1CN01H0fqnK1Gpp8Bpra4W_!!6000000000672-55-tps-20-21.svg","","https://s.alicdn.com/@img/imgextra/i4/O1CN01QUhXLX1lDaB0DYt9b_!!6000000004785-2-tps-34-34.png","https://s.alicdn.com/@u/mobile/g/common/flags/1.0.0/assets/cn.png","https://s.alicdn.com/@img/imgextra/i2/O1CN01lUQbI41ymTPgE2qXM_!!6000000006621-55-tps-12-10.svg","","","","","","https://s.alicdn.com/@img/imgextra/i1/O1CN01skevju1mJMrEIZqWk_!!6000000004933-55-tps-21-21.svg","https://s.alicdn.com/@img/imgextra/i1/O1CN01skevju1mJMrEIZqWk_!!6000000004933-55-tps-21-21.svg","",""
"1773592602-26","https://www.alibaba.com/search/page?spm=a2700.product_home_fy25.home_login_first_screen_fy23_pc_search_bar.associationItem_pos_0&SearchScene=proSearch&SearchText=kids+toys+hot+selling&pro=true&from=pcHomeContent","Hot Selling Kids Car Toy Sliding Dinosaur Toy Car Dinosaur Press Whistle Toy Vehicle","Shengzhou Boan Trading Co., Ltd.","2 yrs","$1.33-1.45","Min. order: 200 pieces","Hot","","Selling","Kids","Toy","Toy","","","","","Matches all 2/2 requirements","Chat now","","Toy","","Easy Return","","","","CN","","","https://s.alicdn.com/@sc04/kf/Hf5e98aba559a44738af982ce3b147408C.jpg_300x300.jpg","","","","https://s.alicdn.com/@img/imgextra/i1/O1CN01H0fqnK1Gpp8Bpra4W_!!6000000000672-55-tps-20-21.svg","","https://s.alicdn.com/@img/imgextra/i4/O1CN01QUhXLX1lDaB0DYt9b_!!6000000004785-2-tps-34-34.png","https://s.alicdn.com/@u/mobile/g/common/flags/1.0.0/assets/cn.png","https://s.alicdn.com/@img/imgextra/i2/O1CN01lUQbI41ymTPgE2qXM_!!6000000006621-55-tps-12-10.svg","","","","","","https://s.alicdn.com/@img/imgextra/i1/O1CN01skevju1mJMrEIZqWk_!!6000000004933-55-tps-21-21.svg","https://s.alicdn.com/@img/imgextra/i1/O1CN01skevju1mJMrEIZqWk_!!6000000004933-55-tps-21-21.svg","",""
"1773592602-27","https://www.alibaba.com/search/page?spm=a2700.product_home_fy25.home_login_first_screen_fy23_pc_search_bar.associationItem_pos_0&SearchScene=proSearch&SearchText=kids+toys+hot+selling&pro=true&from=pcHomeContent","Hot Selling rainbow Balance Jigsaw Puzzle Children Wooden Toys Moon Children Educational Toys Wooden Toys","Yunhe Boqiao Toys Co., Ltd.","2 yrs","$2.16-2.45","Min. order: 10 pieces","Hot","","Selling","Toys","Toys","Toys","5.0","5.0/5.0","(5)","","Matches all 2/2 requirements","Chat now","","","","Easy Return","","","","CN","","","https://s.alicdn.com/@sc04/kf/H61413046cb7541738344a6c14a66a863u.jpg_300x300.jpg","","","","https://s.alicdn.com/@img/imgextra/i1/O1CN01H0fqnK1Gpp8Bpra4W_!!6000000000672-55-tps-20-21.svg","","https://s.alicdn.com/@img/imgextra/i4/O1CN01QUhXLX1lDaB0DYt9b_!!6000000004785-2-tps-34-34.png","https://s.alicdn.com/@u/mobile/g/common/flags/1.0.0/assets/cn.png","https://s.alicdn.com/@img/imgextra/i2/O1CN01lUQbI41ymTPgE2qXM_!!6000000006621-55-tps-12-10.svg","","","","","","https://s.alicdn.com/@img/imgextra/i1/O1CN01skevju1mJMrEIZqWk_!!6000000004933-55-tps-21-21.svg","https://s.alicdn.com/@img/imgextra/i1/O1CN01skevju1mJMrEIZqWk_!!6000000004933-55-tps-21-21.svg","",""
"1773592602-28","https://www.alibaba.com/search/page?spm=a2700.product_home_fy25.home_login_first_screen_fy23_pc_search_bar.associationItem_pos_0&SearchScene=proSearch&SearchText=kids+toys+hot+selling&pro=true&from=pcHomeContent","Wholesale Newest Kids Toy Car Inertia Off-Road Vehicle Friction Toy Car Monster Truck Hot Selling Educational Kids Toys","Ningbo H&w Sporting Goods Co., Ltd.","9 yrs","$0.24-0.30","Min. order: 500 pieces","Kids","","Toy","Toy","Hot","Selling","4.8","4.8/5.0","(13)","","Matches all 2/2 requirements","Chat now","","Kids","Toys","Easy Return","","","","CN","","","https://s.alicdn.com/@sc04/kf/H09b6de1cedbe466aadea3cecb48210681.png_300x300.png","","","","https://s.alicdn.com/@img/imgextra/i1/O1CN01H0fqnK1Gpp8Bpra4W_!!6000000000672-55-tps-20-21.svg","","https://s.alicdn.com/@img/imgextra/i4/O1CN01QUhXLX1lDaB0DYt9b_!!6000000004785-2-tps-34-34.png","https://s.alicdn.com/@u/mobile/g/common/flags/1.0.0/assets/cn.png","https://s.alicdn.com/@img/imgextra/i3/O1CN01Bv2erf1UtOvnQdp1D_!!6000000002575-55-tps-12-10.svg","https://s.alicdn.com/@sc01/kf/H62868c75e7eb4fbba8f8eb600d749c2aR.png","","","","","https://s.alicdn.com/@img/imgextra/i1/O1CN01skevju1mJMrEIZqWk_!!6000000004933-55-tps-21-21.svg","https://s.alicdn.com/@img/imgextra/i1/O1CN01skevju1mJMrEIZqWk_!!6000000004933-55-tps-21-21.svg","",""
"1773592602-29","https://www.alibaba.com/search/page?spm=a2700.product_home_fy25.home_login_first_screen_fy23_pc_search_bar.associationItem_pos_0&SearchScene=proSearch&SearchText=kids+toys+hot+selling&pro=true&from=pcHomeContent","Hot Sale Educational 3D Magnetic Block Set Construction & DIY Toy for Kids","Zhejiang Zbond Toys Co., Ltd.","9 yrs","$11.37-15.21","Min. order: 3 sets","Hot","","Toy","Kids","","","","","","","Matches all 2/2 requirements","Chat now","","","","","certified","","","CN","","","https://s.alicdn.com/@sc04/kf/Hb290c061038945a9ae121becac05e89fU.jpg_300x300.jpg","","","https://s.alicdn.com/@sc04/kf/Hdbbb6a106e8d4515be692063768d8fd4J.png_100x100.png?webp=close&avif=close","https://s.alicdn.com/@img/imgextra/i1/O1CN01H0fqnK1Gpp8Bpra4W_!!6000000000672-55-tps-20-21.svg","","","https://s.alicdn.com/@u/mobile/g/common/flags/1.0.0/assets/cn.png","https://s.alicdn.com/@img/imgextra/i2/O1CN01lUQbI41ymTPgE2qXM_!!6000000006621-55-tps-12-10.svg","","","","","","https://s.alicdn.com/@img/imgextra/i1/O1CN01skevju1mJMrEIZqWk_!!6000000004933-55-tps-21-21.svg","https://s.alicdn.com/@img/imgextra/i1/O1CN01skevju1mJMrEIZqWk_!!6000000004933-55-tps-21-21.svg","",""
"1773592602-30","https://www.alibaba.com/search/page?spm=a2700.product_home_fy25.home_login_first_screen_fy23_pc_search_bar.associationItem_pos_0&SearchScene=proSearch&SearchText=kids+toys+hot+selling&pro=true&from=pcHomeContent","Clearance Sale Bulk Assorted Educational Toys for Kids Wholesale Items Very Cheap Prices Hot Selling Activity Toys for Children","Xiamen Runxin Hardware Plastic Products Co., Ltd.","4 yrs","$2.50-2.90","Min. order: 200 amperes","Toys","","Kids","Hot","Selling","Toys","4.8","4.8/5.0","(13)","","Matches all 2/2 requirements","Chat now","","","","Easy Return","","","","CN","","","https://s.alicdn.com/@sc04/kf/H560291db1f59417090809fcdf55ea0edw.jpg_300x300.jpg","","","","https://s.alicdn.com/@img/imgextra/i1/O1CN01H0fqnK1Gpp8Bpra4W_!!6000000000672-55-tps-20-21.svg","","https://s.alicdn.com/@img/imgextra/i4/O1CN01QUhXLX1lDaB0DYt9b_!!6000000004785-2-tps-34-34.png","https://s.alicdn.com/@u/mobile/g/common/flags/1.0.0/assets/cn.png","https://s.alicdn.com/@img/imgextra/i3/O1CN01Bv2erf1UtOvnQdp1D_!!6000000002575-55-tps-12-10.svg","","","","","","https://s.alicdn.com/@img/imgextra/i1/O1CN01skevju1mJMrEIZqWk_!!6000000004933-55-tps-21-21.svg","https://s.alicdn.com/@img/imgextra/i1/O1CN01skevju1mJMrEIZqWk_!!6000000004933-55-tps-21-21.svg","",""
"1773592602-31","https://www.alibaba.com/search/page?spm=a2700.product_home_fy25.home_login_first_screen_fy23_pc_search_bar.associationItem_pos_0&SearchScene=proSearch&SearchText=kids+toys+hot+selling&pro=true&from=pcHomeContent","Hot Selling Cute Cow Doll Children's Cattle Plush Toy Weighted Plush Toy Gifts","Nanjing Tongxinzhirong International Trade Co., Ltd.","2 yrs","$1.50-1.70","Min. order: 10 pieces","Hot","201 sold","Selling","Toy","Toy","","4.8","4.8/5.0","(49)","Delivery by Apr 13","Matches all 2/2 requirements","Chat now","Add to cart","","","","certified","$20 off shipping","Delivery by Apr 13","CN","","Easy Return","https://s.alicdn.com/@sc04/kf/Hae5e5feb270d40919f9a75dea88586a3k.jpg_300x300.jpg","","","","https://s.alicdn.com/@img/imgextra/i1/O1CN01H0fqnK1Gpp8Bpra4W_!!6000000000672-55-tps-20-21.svg","https://s.alicdn.com/@sc04/kf/Hdbbb6a106e8d4515be692063768d8fd4J.png_100x100.png?webp=close&avif=close","","https://s.alicdn.com/@u/mobile/g/common/flags/1.0.0/assets/cn.png","https://s.alicdn.com/@img/imgextra/i3/O1CN01Bv2erf1UtOvnQdp1D_!!6000000002575-55-tps-12-10.svg","https://s.alicdn.com/@sc01/kf/H62868c75e7eb4fbba8f8eb600d749c2aR.png","https://s.alicdn.com/@img/imgextra/i2/O1CN01pZsS7S1RAZFleCw0N_!!6000000002071-2-tps-33-34.png","https://s.alicdn.com/@img/imgextra/i3/O1CN01Bv2erf1UtOvnQdp1D_!!6000000002575-55-tps-12-10.svg","","https://s.alicdn.com/@img/imgextra/i4/O1CN01QUhXLX1lDaB0DYt9b_!!6000000004785-2-tps-34-34.png","https://s.alicdn.com/@img/imgextra/i1/O1CN01skevju1mJMrEIZqWk_!!6000000004933-55-tps-21-21.svg","https://s.alicdn.com/@img/imgextra/i1/O1CN01skevju1mJMrEIZqWk_!!6000000004933-55-tps-21-21.svg","https://s.alicdn.com/@img/imgextra/i1/O1CN01AKovar1kB0OVaoU0M_!!6000000004644-2-tps-34-33.png","https://s.alicdn.com/@img/imgextra/i2/O1CN01pZsS7S1RAZFleCw0N_!!6000000002071-2-tps-33-34.png"
"1773592602-32","https://www.alibaba.com/search/page?spm=a2700.product_home_fy25.home_login_first_screen_fy23_pc_search_bar.associationItem_pos_0&SearchScene=proSearch&SearchText=kids+toys+hot+selling&pro=true&from=pcHomeContent","Hot Sale Intelligence Geometry Wooden Shape Sorter Toy for Toddlers and Kids","Ningbo Yinzhou Smilebloomi Arts & Crafts Co., Ltd.","6 yrs","$3.30","Min. order: 1000 sets","Hot","","Toy","Kids","","","5.0","5.0/5.0","(3)","","Matches all 2/2 requirements","Chat now","","","","","","","","CN","","","https://s.alicdn.com/@sc04/kf/H9d560be7df164ea7976c4e3c29271fd8X.jpg_300x300.jpg","","","","https://s.alicdn.com/@img/imgextra/i1/O1CN01H0fqnK1Gpp8Bpra4W_!!6000000000672-55-tps-20-21.svg","","","https://s.alicdn.com/@u/mobile/g/common/flags/1.0.0/assets/cn.png","https://s.alicdn.com/@img/imgextra/i2/O1CN01lUQbI41ymTPgE2qXM_!!6000000006621-55-tps-12-10.svg","","","","","","https://s.alicdn.com/@img/imgextra/i1/O1CN01skevju1mJMrEIZqWk_!!6000000004933-55-tps-21-21.svg","https://s.alicdn.com/@img/imgextra/i1/O1CN01skevju1mJMrEIZqWk_!!6000000004933-55-tps-21-21.svg","",""
"1773592602-33","https://www.alibaba.com/search/page?spm=a2700.product_home_fy25.home_login_first_screen_fy23_pc_search_bar.associationItem_pos_0&SearchScene=proSearch&SearchText=kids+toys+hot+selling&pro=true&from=pcHomeContent","Hot Sell Shaking Toys Echo Microphone Child Pretend Toys Kindergarten Wholes-sell Gift Kid Toys","Guangzhou Baolilong Toys Trading Co., Limited","8 yrs","$0.72","Min. order: 1080 pieces","Hot","","Sell","Toys","Toys","sell","5.0","5.0/5.0","(2)","","Matches all 2/2 requirements","Chat now","","Kid","Toys","Easy Return","","","","CN","","","https://s.alicdn.com/@sc04/kf/H17726fdd9e9c4eec9f51e5eeb2297efaV.jpg_300x300.jpg","","","","https://s.alicdn.com/@img/imgextra/i1/O1CN01H0fqnK1Gpp8Bpra4W_!!6000000000672-55-tps-20-21.svg","","https://s.alicdn.com/@img/imgextra/i4/O1CN01QUhXLX1lDaB0DYt9b_!!6000000004785-2-tps-34-34.png","https://s.alicdn.com/@u/mobile/g/common/flags/1.0.0/assets/cn.png","https://s.alicdn.com/@img/imgextra/i3/O1CN01Bv2erf1UtOvnQdp1D_!!6000000002575-55-tps-12-10.svg","","","","","","https://s.alicdn.com/@img/imgextra/i1/O1CN01skevju1mJMrEIZqWk_!!6000000004933-55-tps-21-21.svg","https://s.alicdn.com/@img/imgextra/i1/O1CN01skevju1mJMrEIZqWk_!!6000000004933-55-tps-21-21.svg","",""
"1773592602-34","https://www.alibaba.com/search/page?spm=a2700.product_home_fy25.home_login_first_screen_fy23_pc_search_bar.associationItem_pos_0&SearchScene=proSearch&SearchText=kids+toys+hot+selling&pro=true&from=pcHomeContent","Kids Space Building Blocks Astronaut Aerospace 1:72 Scale ABS Material DIY Educational Construction Set","Shantou Xinglebao Science Education Culture Co., Ltd.","1 yr","$0.72-0.75","Min. order: 144 boxes","Kids","","","","","","5.0","5.0/5.0","(3)","","Matches all 2/2 requirements","Chat now","","","","Easy Return","","","","CN","Ad","","https://s.alicdn.com/@sc04/kf/H81e07ad11131498f906b95d70110d39bR.jpg_300x300.jpg","","","","https://s.alicdn.com/@img/imgextra/i1/O1CN01H0fqnK1Gpp8Bpra4W_!!6000000000672-55-tps-20-21.svg","","https://s.alicdn.com/@img/imgextra/i4/O1CN01QUhXLX1lDaB0DYt9b_!!6000000004785-2-tps-34-34.png","https://s.alicdn.com/@u/mobile/g/common/flags/1.0.0/assets/cn.png","https://s.alicdn.com/@img/imgextra/i2/O1CN01lUQbI41ymTPgE2qXM_!!6000000006621-55-tps-12-10.svg","","","","","","https://s.alicdn.com/@img/imgextra/i1/O1CN01skevju1mJMrEIZqWk_!!6000000004933-55-tps-21-21.svg","https://s.alicdn.com/@img/imgextra/i1/O1CN01skevju1mJMrEIZqWk_!!6000000004933-55-tps-21-21.svg","",""
"1773592602-35","https://www.alibaba.com/search/page?spm=a2700.product_home_fy25.home_login_first_screen_fy23_pc_search_bar.associationItem_pos_0&SearchScene=proSearch&SearchText=kids+toys+hot+selling&pro=true&from=pcHomeContent","Hot Selling Soft Fashionable Comfortable Cartoon Claw Machine Doll 7 Inch Plush Toys Kid Gift Customized Decoration Kid Gift","Zhengzhou Xingji Aoyou Trading Co., Ltd.","1 yr","$0.42-0.88","Min. order: 80 pieces","Hot","","Selling","Toys","Kid","Kid","4.9","4.9/5.0","(21)","","Matches all 2/2 requirements","Chat now","","","","Easy Return","","","","CN","","","https://s.alicdn.com/@sc04/kf/H1aba08f78f854163b4ef76cf02e09c9dE.jpg_300x300.jpg","","","","https://s.alicdn.com/@img/imgextra/i1/O1CN01H0fqnK1Gpp8Bpra4W_!!6000000000672-55-tps-20-21.svg","","https://s.alicdn.com/@img/imgextra/i4/O1CN01QUhXLX1lDaB0DYt9b_!!6000000004785-2-tps-34-34.png","https://s.alicdn.com/@u/mobile/g/common/flags/1.0.0/assets/cn.png","https://s.alicdn.com/@img/imgextra/i3/O1CN01Bv2erf1UtOvnQdp1D_!!6000000002575-55-tps-12-10.svg","","","https://s.alicdn.com/@img/imgextra/i3/O1CN01Bv2erf1UtOvnQdp1D_!!6000000002575-55-tps-12-10.svg","","","https://s.alicdn.com/@img/imgextra/i1/O1CN01skevju1mJMrEIZqWk_!!6000000004933-55-tps-21-21.svg","https://s.alicdn.com/@img/imgextra/i1/O1CN01skevju1mJMrEIZqWk_!!6000000004933-55-tps-21-21.svg","",""
"1773592602-36","https://www.alibaba.com/search/page?spm=a2700.product_home_fy25.home_login_first_screen_fy23_pc_search_bar.associationItem_pos_0&SearchScene=proSearch&SearchText=kids+toys+hot+selling&pro=true&from=pcHomeContent","Hot Sale Wooden Magnetic Learning Puzzles Games Montessori Kids Busy Quiet Cartoon Animals Jigsaw Book Educational Toys","Xiamen Hengji Hengxin Trading Co., Ltd.","3 yrs","$0.85-0.96","Min. order: 360 pieces","Hot","","Kids","Toys","","","3.6","3.6/5.0","(5)","","Matches all 2/2 requirements","Chat now","","","","Easy Return","","","","CN","","","https://s.alicdn.com/@sc04/kf/H611a9611bdc4453a926942729c56ab1cL.jpg_300x300.jpg","","","","https://s.alicdn.com/@img/imgextra/i1/O1CN01H0fqnK1Gpp8Bpra4W_!!6000000000672-55-tps-20-21.svg","","https://s.alicdn.com/@img/imgextra/i4/O1CN01QUhXLX1lDaB0DYt9b_!!6000000004785-2-tps-34-34.png","https://s.alicdn.com/@u/mobile/g/common/flags/1.0.0/assets/cn.png","https://s.alicdn.com/@img/imgextra/i2/O1CN01lUQbI41ymTPgE2qXM_!!6000000006621-55-tps-12-10.svg","","","","","","https://s.alicdn.com/@img/imgextra/i1/O1CN01skevju1mJMrEIZqWk_!!6000000004933-55-tps-21-21.svg","https://s.alicdn.com/@img/imgextra/i1/O1CN01skevju1mJMrEIZqWk_!!6000000004933-55-tps-21-21.svg","",""
"1773592602-37","https://www.alibaba.com/search/page?spm=a2700.product_home_fy25.home_login_first_screen_fy23_pc_search_bar.associationItem_pos_0&SearchScene=proSearch&SearchText=kids+toys+hot+selling&pro=true&from=pcHomeContent","Original POP MART V1 V2 V3 LABUBU Mystery Box Authentic Seated & Macaron Plush Toys the Into Energy Series Plush Blind Box","Shenzhen Shi Zi Animation Culture Development Co., Ltd.","1 yr","$90-130","Min. order: 6 sets","Toys","","","","","","","","","","Matches all 2/2 requirements","Chat now","","","","Easy Return","","","","CN","Ad","","https://s.alicdn.com/@sc04/kf/Hef128acdf4d64a28a9df0a5d292fa934X.jpg_300x300.jpg","","","","https://s.alicdn.com/@img/imgextra/i1/O1CN01H0fqnK1Gpp8Bpra4W_!!6000000000672-55-tps-20-21.svg","","https://s.alicdn.com/@img/imgextra/i4/O1CN01QUhXLX1lDaB0DYt9b_!!6000000004785-2-tps-34-34.png","https://s.alicdn.com/@u/mobile/g/common/flags/1.0.0/assets/cn.png","https://s.alicdn.com/@img/imgextra/i3/O1CN01Bv2erf1UtOvnQdp1D_!!6000000002575-55-tps-12-10.svg","","","","","","https://s.alicdn.com/@img/imgextra/i1/O1CN01skevju1mJMrEIZqWk_!!6000000004933-55-tps-21-21.svg","https://s.alicdn.com/@img/imgextra/i1/O1CN01skevju1mJMrEIZqWk_!!6000000004933-55-tps-21-21.svg","",""
"1773592602-38","https://www.alibaba.com/search/page?spm=a2700.product_home_fy25.home_login_first_screen_fy23_pc_search_bar.associationItem_pos_0&SearchScene=proSearch&SearchText=kids+toys+hot+selling&pro=true&from=pcHomeContent","Yun Best-Selling Cute Dancing and Singing Electric Cactus Plush Toys Sports & Entertainment Hot Product","Shenzhen Bothwinner Plastic Electronic Factory","22 yrs","$1.79","Min. order: 100 pieces","Selling","1 sold","Toys","Hot","","","4.9","4.9/5.0","(22)","5-day dispatch","Matches all 2/2 requirements","Chat now","Add to cart","","","","","$20 off shipping","","CN","","","https://s.alicdn.com/@sc04/kf/H5a1212e2734c4884b2b96d3beba8c5498.jpg_300x300.jpg","","","","https://s.alicdn.com/@img/imgextra/i1/O1CN01H0fqnK1Gpp8Bpra4W_!!6000000000672-55-tps-20-21.svg","","","https://s.alicdn.com/@u/mobile/g/common/flags/1.0.0/assets/cn.png","https://s.alicdn.com/@img/imgextra/i3/O1CN01Bv2erf1UtOvnQdp1D_!!6000000002575-55-tps-12-10.svg","","https://s.alicdn.com/@img/imgextra/i2/O1CN01pZsS7S1RAZFleCw0N_!!6000000002071-2-tps-33-34.png","","","","https://s.alicdn.com/@img/imgextra/i1/O1CN01skevju1mJMrEIZqWk_!!6000000004933-55-tps-21-21.svg","https://s.alicdn.com/@img/imgextra/i1/O1CN01skevju1mJMrEIZqWk_!!6000000004933-55-tps-21-21.svg","https://s.alicdn.com/@img/imgextra/i1/O1CN01AKovar1kB0OVaoU0M_!!6000000004644-2-tps-34-33.png",""
"1773592602-39","https://www.alibaba.com/search/page?spm=a2700.product_home_fy25.home_login_first_screen_fy23_pc_search_bar.associationItem_pos_0&SearchScene=proSearch&SearchText=kids+toys+hot+selling&pro=true&from=pcHomeContent","Hot New Arrivals Best-Selling Bake Cookies Manufacturer Direct Sale Kids Educational Wooden Toys 3-8 Years Youlebei Boys Girls","Yunhe County Inspiration Toys Co., Ltd.","1 yr","$4.60-5.40","Min. order: 24 pieces","Hot","","Selling","Kids","Toys","","","","","","Matches all 2/2 requirements","Chat now","","","","Easy Return","","","","CN","Ad","","https://s.alicdn.com/@sc04/kf/H392c049765414fa2be59516f1c8bcf10r.jpg_300x300.jpg","","","","https://s.alicdn.com/@img/imgextra/i1/O1CN01H0fqnK1Gpp8Bpra4W_!!6000000000672-55-tps-20-21.svg","","https://s.alicdn.com/@img/imgextra/i4/O1CN01QUhXLX1lDaB0DYt9b_!!6000000004785-2-tps-34-34.png","https://s.alicdn.com/@u/mobile/g/common/flags/1.0.0/assets/cn.png","https://s.alicdn.com/@img/imgextra/i2/O1CN01lUQbI41ymTPgE2qXM_!!6000000006621-55-tps-12-10.svg","","","","","","https://s.alicdn.com/@img/imgextra/i1/O1CN01skevju1mJMrEIZqWk_!!6000000004933-55-tps-21-21.svg","https://s.alicdn.com/@img/imgextra/i1/O1CN01skevju1mJMrEIZqWk_!!6000000004933-55-tps-21-21.svg","",""
"1773592602-40","https://www.alibaba.com/search/page?spm=a2700.product_home_fy25.home_login_first_screen_fy23_pc_search_bar.associationItem_pos_0&SearchScene=proSearch&SearchText=kids+toys+hot+selling&pro=true&from=pcHomeContent","Sengso Hot Selling Toys Rainbow Ball Magic Cube for Children Educational Puzzle Magic","Shantou Chenghai District Huiqijia Science And Education Industry Co., Ltd.","3 yrs","$0.88","Min. order: 2 pieces","Hot","7 sold","Selling","Toys","","","4.8","4.8/5.0","(10)","3-day dispatch","Matches all 2/2 requirements","Chat now","Add to cart","","","","certified","FREE shipping","3-day dispatch","CN","","Money-back guarantee","https://s.alicdn.com/@sc04/kf/H33b33e951a3b4c9885ad4231778c8c1ft.jpg_300x300.jpg","","","https://s.alicdn.com/@sc01/kf/Hdbac61a2fce04421bb714a28e201ead6R.png?webp=close&avif=close","https://s.alicdn.com/@img/imgextra/i1/O1CN01H0fqnK1Gpp8Bpra4W_!!6000000000672-55-tps-20-21.svg","https://s.alicdn.com/@sc04/kf/Hdbbb6a106e8d4515be692063768d8fd4J.png_100x100.png?webp=close&avif=close","","https://s.alicdn.com/@u/mobile/g/common/flags/1.0.0/assets/cn.png","https://s.alicdn.com/@img/imgextra/i2/O1CN01lUQbI41ymTPgE2qXM_!!6000000006621-55-tps-12-10.svg","","https://s.alicdn.com/@img/imgextra/i2/O1CN01pZsS7S1RAZFleCw0N_!!6000000002071-2-tps-33-34.png","","","https://s.alicdn.com/@img/imgextra/i2/O1CN01pZsS7S1RAZFleCw0N_!!6000000002071-2-tps-33-34.png","https://s.alicdn.com/@img/imgextra/i1/O1CN01skevju1mJMrEIZqWk_!!6000000004933-55-tps-21-21.svg","https://s.alicdn.com/@img/imgextra/i1/O1CN01skevju1mJMrEIZqWk_!!6000000004933-55-tps-21-21.svg","https://s.alicdn.com/@img/imgextra/i1/O1CN01AKovar1kB0OVaoU0M_!!6000000004644-2-tps-34-33.png","https://s.alicdn.com/@img/imgextra/i2/O1CN01pZsS7S1RAZFleCw0N_!!6000000002071-2-tps-33-34.png"
"1773592602-41","https://www.alibaba.com/search/page?spm=a2700.product_home_fy25.home_login_first_screen_fy23_pc_search_bar.associationItem_pos_0&SearchScene=proSearch&SearchText=kids+toys+hot+selling&pro=true&from=pcHomeContent","Hot Selling Inflatable Block Party Bounce House Slide Combo Inflatable Jumping Castle Kids Bouncer","Guangzhou Yushan Inflatable Products Co., Ltd.","4 yrs","$598-698","Min. order: 1 piece","Hot","","Selling","Kids","","","4.6","4.6/5.0","(37)","","Matches all 2/2 requirements","Chat now","","","","Easy Return","","","","CN","","","https://s.alicdn.com/@sc04/kf/H433a17d2d8174c4faa4bb805957b8e1cF.jpg_300x300.jpg","","","https://s.alicdn.com/@img/imgextra/i4/O1CN01ZQqlCv1icMsN1gizu_!!6000000004433-2-tps-172-64.png?webp=close&avif=close","https://s.alicdn.com/@img/imgextra/i1/O1CN01H0fqnK1Gpp8Bpra4W_!!6000000000672-55-tps-20-21.svg","","https://s.alicdn.com/@img/imgextra/i4/O1CN01QUhXLX1lDaB0DYt9b_!!6000000004785-2-tps-34-34.png","https://s.alicdn.com/@u/mobile/g/common/flags/1.0.0/assets/cn.png","https://s.alicdn.com/@img/imgextra/i3/O1CN01Bv2erf1UtOvnQdp1D_!!6000000002575-55-tps-12-10.svg","","","https://s.alicdn.com/@img/imgextra/i3/O1CN01Bv2erf1UtOvnQdp1D_!!6000000002575-55-tps-12-10.svg","","","https://s.alicdn.com/@img/imgextra/i1/O1CN01skevju1mJMrEIZqWk_!!6000000004933-55-tps-21-21.svg","https://s.alicdn.com/@img/imgextra/i1/O1CN01skevju1mJMrEIZqWk_!!6000000004933-55-tps-21-21.svg","",""
"1773592602-42","https://www.alibaba.com/search/page?spm=a2700.product_home_fy25.home_login_first_screen_fy23_pc_search_bar.associationItem_pos_0&SearchScene=proSearch&SearchText=kids+toys+hot+selling&pro=true&from=pcHomeContent","Hot Selling Kid Three-Wheel Bicycle Lightweight Plastic Wheel Bike & Cycle Plastic Material Kick Scooter for Boys and Girls","Xingtai Tianxing Children's Toys Co., Ltd.","12 yrs","$4.66-6.66","Min. order: 15 pieces","Hot","","Selling","Kid","","","5.0","5.0/5.0","(4)","","Matches all 2/2 requirements","Chat now","","","","","","","","CN","","","https://s.alicdn.com/@sc04/kf/H9cd944d882f24429a534764df99c739cv.png_300x300.png","","","https://s.alicdn.com/@img/imgextra/i4/O1CN01ZQqlCv1icMsN1gizu_!!6000000004433-2-tps-172-64.png?webp=close&avif=close","https://s.alicdn.com/@img/imgextra/i1/O1CN01H0fqnK1Gpp8Bpra4W_!!6000000000672-55-tps-20-21.svg","","","https://s.alicdn.com/@u/mobile/g/common/flags/1.0.0/assets/cn.png","https://s.alicdn.com/@img/imgextra/i3/O1CN01Bv2erf1UtOvnQdp1D_!!6000000002575-55-tps-12-10.svg","https://s.alicdn.com/@sc01/kf/H62868c75e7eb4fbba8f8eb600d749c2aR.png","","https://s.alicdn.com/@img/imgextra/i3/O1CN01Bv2erf1UtOvnQdp1D_!!6000000002575-55-tps-12-10.svg","","","https://s.alicdn.com/@img/imgextra/i1/O1CN01skevju1mJMrEIZqWk_!!6000000004933-55-tps-21-21.svg","https://s.alicdn.com/@img/imgextra/i1/O1CN01skevju1mJMrEIZqWk_!!6000000004933-55-tps-21-21.svg","",""
"1773592602-43","https://www.alibaba.com/search/page?spm=a2700.product_home_fy25.home_login_first_screen_fy23_pc_search_bar.associationItem_pos_0&SearchScene=proSearch&SearchText=kids+toys+hot+selling&pro=true&from=pcHomeContent","New Hot Selling Ride on Children's Kid's Girl Boy Baby Children Kids Toy Twisted Twisting Wiggle Twist Swing Car","HEBEI WAQILE CHILDREN TOY CO.,LTD","5 yrs","$8-9.60","Min. order: 50 pieces","Hot","","Selling","Kid's","Kids","Toy","4.8","4.8/5.0","(10)","","Matches all 2/2 requirements","Chat now","","","","","","","","CN","","","https://s.alicdn.com/@sc04/kf/Hdc08603dc3c54e9f9313a6ffc656da353.png_300x300.png","","","","https://s.alicdn.com/@img/imgextra/i1/O1CN01H0fqnK1Gpp8Bpra4W_!!6000000000672-55-tps-20-21.svg","","","https://s.alicdn.com/@u/mobile/g/common/flags/1.0.0/assets/cn.png","https://s.alicdn.com/@img/imgextra/i3/O1CN01Bv2erf1UtOvnQdp1D_!!6000000002575-55-tps-12-10.svg","","","","","","https://s.alicdn.com/@img/imgextra/i1/O1CN01skevju1mJMrEIZqWk_!!6000000004933-55-tps-21-21.svg","https://s.alicdn.com/@img/imgextra/i1/O1CN01skevju1mJMrEIZqWk_!!6000000004933-55-tps-21-21.svg","",""
"1773592602-44","https://www.alibaba.com/search/page?spm=a2700.product_home_fy25.home_login_first_screen_fy23_pc_search_bar.associationItem_pos_0&SearchScene=proSearch&SearchText=kids+toys+hot+selling&pro=true&from=pcHomeContent","Hot Selling Toddler Cheap Factory Wholesale Kids Scooter Pedal Ride-On Toy for Child Birthday Gift","Jiaxing Lorda Import & Export Co., Ltd.","5 yrs","$15.70-17.90","Min. order: 20 pieces","Hot","","Selling","Kids","Toy","","4.9","4.9/5.0","(9)","","Matches all 2/2 requirements","Chat now","","","","","","","","CN","","","https://s.alicdn.com/@sc04/kf/H66002126edb745c0b78aba3095a5a3c45.jpg_300x300.jpg","","","https://s.alicdn.com/@img/imgextra/i4/O1CN01ZQqlCv1icMsN1gizu_!!6000000004433-2-tps-172-64.png?webp=close&avif=close","https://s.alicdn.com/@img/imgextra/i1/O1CN01H0fqnK1Gpp8Bpra4W_!!6000000000672-55-tps-20-21.svg","","","https://s.alicdn.com/@u/mobile/g/common/flags/1.0.0/assets/cn.png","https://s.alicdn.com/@img/imgextra/i3/O1CN01Bv2erf1UtOvnQdp1D_!!6000000002575-55-tps-12-10.svg","https://s.alicdn.com/@sc01/kf/H62868c75e7eb4fbba8f8eb600d749c2aR.png","","https://s.alicdn.com/@img/imgextra/i3/O1CN01Bv2erf1UtOvnQdp1D_!!6000000002575-55-tps-12-10.svg","https://s.alicdn.com/@img/imgextra/i3/O1CN01Bv2erf1UtOvnQdp1D_!!6000000002575-55-tps-12-10.svg","","https://s.alicdn.com/@img/imgextra/i1/O1CN01skevju1mJMrEIZqWk_!!6000000004933-55-tps-21-21.svg","https://s.alicdn.com/@img/imgextra/i1/O1CN01skevju1mJMrEIZqWk_!!6000000004933-55-tps-21-21.svg","",""
"1773592602-45","https://www.alibaba.com/search/page?spm=a2700.product_home_fy25.home_login_first_screen_fy23_pc_search_bar.associationItem_pos_0&SearchScene=proSearch&SearchText=kids+toys+hot+selling&pro=true&from=pcHomeContent","Magic Gift LED Glow Stick Kids Luminous Swing Butterfly Colorful Flash Handheld Light Up Sticks Toys","Shenzhen Hejia Industry Co., Ltd.","4 yrs","$0.92","Min. order: 50 pieces","Kids","100 sold","Toys","","","","4.7","4.7/5.0","(137)","5-day dispatch","Matches all 2/2 requirements","Chat now","Add to cart","","","","","$20 off shipping","5-day dispatch","CN","","Money-back guarantee","https://s.alicdn.com/@sc04/kf/Haf5326879d23497cbeaf65d04c45c275p.jpg_300x300.jpg","","","https://s.alicdn.com/@sc01/kf/Hdbac61a2fce04421bb714a28e201ead6R.png?webp=close&avif=close","https://s.alicdn.com/@img/imgextra/i1/O1CN01H0fqnK1Gpp8Bpra4W_!!6000000000672-55-tps-20-21.svg","","","https://s.alicdn.com/@u/mobile/g/common/flags/1.0.0/assets/cn.png","https://s.alicdn.com/@img/imgextra/i3/O1CN01Bv2erf1UtOvnQdp1D_!!6000000002575-55-tps-12-10.svg","https://s.alicdn.com/@sc01/kf/H62868c75e7eb4fbba8f8eb600d749c2aR.png","https://s.alicdn.com/@img/imgextra/i2/O1CN01pZsS7S1RAZFleCw0N_!!6000000002071-2-tps-33-34.png","https://s.alicdn.com/@img/imgextra/i3/O1CN01Bv2erf1UtOvnQdp1D_!!6000000002575-55-tps-12-10.svg","https://s.alicdn.com/@img/imgextra/i3/O1CN01Bv2erf1UtOvnQdp1D_!!6000000002575-55-tps-12-10.svg","https://s.alicdn.com/@img/imgextra/i2/O1CN01pZsS7S1RAZFleCw0N_!!6000000002071-2-tps-33-34.png","https://s.alicdn.com/@img/imgextra/i1/O1CN01skevju1mJMrEIZqWk_!!6000000004933-55-tps-21-21.svg","https://s.alicdn.com/@img/imgextra/i1/O1CN01skevju1mJMrEIZqWk_!!6000000004933-55-tps-21-21.svg","https://s.alicdn.com/@img/imgextra/i1/O1CN01AKovar1kB0OVaoU0M_!!6000000004644-2-tps-34-33.png","https://s.alicdn.com/@img/imgextra/i2/O1CN01pZsS7S1RAZFleCw0N_!!6000000002071-2-tps-33-34.png"
"1773592602-46","https://www.alibaba.com/search/page?spm=a2700.product_home_fy25.home_login_first_screen_fy23_pc_search_bar.associationItem_pos_0&SearchScene=proSearch&SearchText=kids+toys+hot+selling&pro=true&from=pcHomeContent","Hot Sale Funny Early Educational Felt Busy Board for Kids Quiet Book for Age Range 5-7 Years","Shanghai Yunya Industry Co., Ltd.","1 yr","$3.80","Min. order: 100 dozens","Hot","","Kids","","","","","","","","Matches all 2/2 requirements","Chat now","","","","Easy Return","","","","CN","","","https://s.alicdn.com/@sc04/kf/Hac490ede135e4240bdd021040c33097cP.jpg_300x300.jpg","","","","https://s.alicdn.com/@img/imgextra/i1/O1CN01H0fqnK1Gpp8Bpra4W_!!6000000000672-55-tps-20-21.svg","","https://s.alicdn.com/@img/imgextra/i4/O1CN01QUhXLX1lDaB0DYt9b_!!6000000004785-2-tps-34-34.png","https://s.alicdn.com/@u/mobile/g/common/flags/1.0.0/assets/cn.png","https://s.alicdn.com/@img/imgextra/i2/O1CN01lUQbI41ymTPgE2qXM_!!6000000006621-55-tps-12-10.svg","","","","","","https://s.alicdn.com/@img/imgextra/i1/O1CN01skevju1mJMrEIZqWk_!!6000000004933-55-tps-21-21.svg","https://s.alicdn.com/@img/imgextra/i1/O1CN01skevju1mJMrEIZqWk_!!6000000004933-55-tps-21-21.svg","",""
"1773592602-47","https://www.alibaba.com/search/page?spm=a2700.product_home_fy25.home_login_first_screen_fy23_pc_search_bar.associationItem_pos_0&SearchScene=proSearch&SearchText=kids+toys+hot+selling&pro=true&from=pcHomeContent","Hot Sales Magnetic Tiles Toys | Factory Wholesale CPC ABS Plastic Educational Building Set | OEM ODM Custom Colors for Kids","Zhejiang Top Teaching Holding Group Co., Ltd.","8 yrs","$9.12-9.60","Min. order: 100 sets","Hot","","Toys","Kids","","","4.6","4.6/5.0","(8)","","Matches all 2/2 requirements","Chat now","","","","","certified","","","CN","","","https://s.alicdn.com/@sc04/kf/H6927f41ecc044144ab7799705c42790cj.jpg_300x300.jpg","","https://s.alicdn.com/@sc04/kf/H1603a777e41b4b4eb3cba19c631cff6cX.png_100x100.png?webp=close&avif=close","https://s.alicdn.com/@img/imgextra/i4/O1CN01ZQqlCv1icMsN1gizu_!!6000000004433-2-tps-172-64.png?webp=close&avif=close","https://s.alicdn.com/@img/imgextra/i1/O1CN01H0fqnK1Gpp8Bpra4W_!!6000000000672-55-tps-20-21.svg","https://s.alicdn.com/@sc04/kf/Hdbbb6a106e8d4515be692063768d8fd4J.png_100x100.png?webp=close&avif=close","","https://s.alicdn.com/@u/mobile/g/common/flags/1.0.0/assets/cn.png","https://s.alicdn.com/@img/imgextra/i3/O1CN01Bv2erf1UtOvnQdp1D_!!6000000002575-55-tps-12-10.svg","https://s.alicdn.com/@sc01/kf/H62868c75e7eb4fbba8f8eb600d749c2aR.png","","","","","https://s.alicdn.com/@img/imgextra/i1/O1CN01skevju1mJMrEIZqWk_!!6000000004933-55-tps-21-21.svg","https://s.alicdn.com/@img/imgextra/i1/O1CN01skevju1mJMrEIZqWk_!!6000000004933-55-tps-21-21.svg","",""
"1773592602-48","https://www.alibaba.com/search/page?spm=a2700.product_home_fy25.home_login_first_screen_fy23_pc_search_bar.associationItem_pos_0&SearchScene=proSearch&SearchText=kids+toys+hot+selling&pro=true&from=pcHomeContent","Wholesale Children's Baby Tricycle Hot-Selling Ride-on Toy for 3-12 Years Party Gift Made of Durable Plastic","Xingtai Shunguang Children's Toys Co., Ltd.","2 yrs","$4.42-4.76","Min. order: 50 pieces","Hot","","Selling","Toy","","","4.8","4.8/5.0","(11)","","Matches all 2/2 requirements","Chat now","","","","Easy Return","","","","CN","","","https://s.alicdn.com/@sc04/kf/Hc559074c223b4bfd9c9671e5451a2bf7y.png_300x300.png","","","https://s.alicdn.com/@img/imgextra/i4/O1CN01ZQqlCv1icMsN1gizu_!!6000000004433-2-tps-172-64.png?webp=close&avif=close","https://s.alicdn.com/@img/imgextra/i1/O1CN01H0fqnK1Gpp8Bpra4W_!!6000000000672-55-tps-20-21.svg","","https://s.alicdn.com/@img/imgextra/i4/O1CN01QUhXLX1lDaB0DYt9b_!!6000000004785-2-tps-34-34.png","https://s.alicdn.com/@u/mobile/g/common/flags/1.0.0/assets/cn.png","https://s.alicdn.com/@img/imgextra/i3/O1CN01Bv2erf1UtOvnQdp1D_!!6000000002575-55-tps-12-10.svg","https://s.alicdn.com/@sc01/kf/H62868c75e7eb4fbba8f8eb600d749c2aR.png","","https://s.alicdn.com/@img/imgextra/i3/O1CN01Bv2erf1UtOvnQdp1D_!!6000000002575-55-tps-12-10.svg","","","https://s.alicdn.com/@img/imgextra/i1/O1CN01skevju1mJMrEIZqWk_!!6000000004933-55-tps-21-21.svg","https://s.alicdn.com/@img/imgextra/i1/O1CN01skevju1mJMrEIZqWk_!!6000000004933-55-tps-21-21.svg","",""
"1773592602-49","https://www.alibaba.com/search/page?spm=a2700.product_home_fy25.home_login_first_screen_fy23_pc_search_bar.associationItem_pos_0&SearchScene=proSearch&SearchText=kids+toys+hot+selling&pro=true&from=pcHomeContent","2022 Hot Selling Different Exquisite Unicorn Handmade Dig Game Toys for Children","K&M Import and Export (GZ) Limited","18 yrs","$4.80-6.40","Min. order: 2000 pieces","Hot","","Selling","Toys","","","1.6","1.6/5.0","(1)","","Matches all 2/2 requirements","Chat now","","","","Easy Return","certified","","","CN","","","https://s.alicdn.com/@sc04/kf/H07c04d8a83ae4c4aa98d298a9b4c3c10Z.jpg_300x300.jpg","","https://s.alicdn.com/@sc04/kf/H1603a777e41b4b4eb3cba19c631cff6cX.png_100x100.png?webp=close&avif=close","","https://s.alicdn.com/@img/imgextra/i1/O1CN01H0fqnK1Gpp8Bpra4W_!!6000000000672-55-tps-20-21.svg","https://s.alicdn.com/@sc04/kf/Hdbbb6a106e8d4515be692063768d8fd4J.png_100x100.png?webp=close&avif=close","https://s.alicdn.com/@img/imgextra/i4/O1CN01QUhXLX1lDaB0DYt9b_!!6000000004785-2-tps-34-34.png","https://s.alicdn.com/@u/mobile/g/common/flags/1.0.0/assets/cn.png","https://s.alicdn.com/@img/imgextra/i2/O1CN01lUQbI41ymTPgE2qXM_!!6000000006621-55-tps-12-10.svg","","","","","","https://s.alicdn.com/@img/imgextra/i1/O1CN01skevju1mJMrEIZqWk_!!6000000004933-55-tps-21-21.svg","https://s.alicdn.com/@img/imgextra/i1/O1CN01skevju1mJMrEIZqWk_!!6000000004933-55-tps-21-21.svg","",""
"1773592602-50","https://www.alibaba.com/search/page?spm=a2700.product_home_fy25.home_login_first_screen_fy23_pc_search_bar.associationItem_pos_0&SearchScene=proSearch&SearchText=kids+toys+hot+selling&pro=true&from=pcHomeContent","Hot Selling Puzzle and Creative Whistle Children's Toys Rotating Dragon Control Balance Twisting Snake Duck Dragon Toys","Shantou Zuocheng Electronic Commerce Co., Ltd.","4 yrs","$0.50-0.55","Min. order: 50 pieces","Hot","","Selling","Toys","Toys","","4.7","4.7/5.0","(27)","","Matches all 2/2 requirements","Chat now","","","","","","","","CN","","","https://s.alicdn.com/@sc04/kf/H2f0aeffd17b0495c892fcfe57dd3d424r.png_300x300.png","","","","https://s.alicdn.com/@img/imgextra/i1/O1CN01H0fqnK1Gpp8Bpra4W_!!6000000000672-55-tps-20-21.svg","","","https://s.alicdn.com/@u/mobile/g/common/flags/1.0.0/assets/cn.png","https://s.alicdn.com/@img/imgextra/i3/O1CN01Bv2erf1UtOvnQdp1D_!!6000000002575-55-tps-12-10.svg","","","","","","https://s.alicdn.com/@img/imgextra/i1/O1CN01skevju1mJMrEIZqWk_!!6000000004933-55-tps-21-21.svg","https://s.alicdn.com/@img/imgextra/i1/O1CN01skevju1mJMrEIZqWk_!!6000000004933-55-tps-21-21.svg","",""
"1773592602-51","https://www.alibaba.com/search/page?spm=a2700.product_home_fy25.home_login_first_screen_fy23_pc_search_bar.associationItem_pos_0&SearchScene=proSearch&SearchText=kids+toys+hot+selling&pro=true&from=pcHomeContent","Nostalgic Mini Building Blocks Red New Best Selling for Boys Moc Bricks Toy Trucks Model Truck Trailer Car Building Block Sets","Hangzhou Jinhehuan Technology Co., Ltd.","3 yrs","$17.59","Min. order: 1 set","Selling","55 sold","Toy","","","","4.7","4.7/5.0","(185)","Delivery by Apr 12","Matches all 2/2 requirements","Chat now","Add to cart","","","","certified","FREE shipping","Delivery by Apr 12","CN","","","https://s.alicdn.com/@sc04/kf/H789618b94946478a890fb41bf2869af1s.jpg_300x300.jpg","","","https://s.alicdn.com/@img/imgextra/i1/O1CN01Qlzniu1tBJAdJ8zsY_!!6000000005863-2-tps-283-45.png?webp=close&avif=close","https://s.alicdn.com/@img/imgextra/i1/O1CN01H0fqnK1Gpp8Bpra4W_!!6000000000672-55-tps-20-21.svg","https://s.alicdn.com/@sc04/kf/Hdbbb6a106e8d4515be692063768d8fd4J.png_100x100.png?webp=close&avif=close","","https://s.alicdn.com/@u/mobile/g/common/flags/1.0.0/assets/cn.png","https://s.alicdn.com/@img/imgextra/i3/O1CN01Bv2erf1UtOvnQdp1D_!!6000000002575-55-tps-12-10.svg","","https://s.alicdn.com/@img/imgextra/i2/O1CN01pZsS7S1RAZFleCw0N_!!6000000002071-2-tps-33-34.png","","","","https://s.alicdn.com/@img/imgextra/i1/O1CN01skevju1mJMrEIZqWk_!!6000000004933-55-tps-21-21.svg","https://s.alicdn.com/@img/imgextra/i1/O1CN01skevju1mJMrEIZqWk_!!6000000004933-55-tps-21-21.svg","https://s.alicdn.com/@img/imgextra/i1/O1CN01AKovar1kB0OVaoU0M_!!6000000004644-2-tps-34-33.png","https://s.alicdn.com/@img/imgextra/i2/O1CN01pZsS7S1RAZFleCw0N_!!6000000002071-2-tps-33-34.png"
"1773592602-52","https://www.alibaba.com/search/page?spm=a2700.product_home_fy25.home_login_first_screen_fy23_pc_search_bar.associationItem_pos_0&SearchScene=proSearch&SearchText=kids+toys+hot+selling&pro=true&from=pcHomeContent","Bestseller Montessori Wooden Animal Dinosaur 3D Jigsaw Puzzle Board Game Baby Educational Learning Puzzles for Kids Boys Girls","Shenzhen Jinwo'er Technology Co., Ltd.","1 yr","$0.84-0.98","Min. order: 10 pieces","Kids","","","","","","4.1","4.1/5.0","(65)","5% off $2,000","Matches all 2/2 requirements","Chat now","","","","","","5% off $2,000","","CN","","","https://s.alicdn.com/@sc04/kf/H855785df8b534469b395c34306d25389T.jpg_300x300.jpg","","","https://s.alicdn.com/@img/imgextra/i4/O1CN01ZQqlCv1icMsN1gizu_!!6000000004433-2-tps-172-64.png?webp=close&avif=close","https://s.alicdn.com/@img/imgextra/i1/O1CN01H0fqnK1Gpp8Bpra4W_!!6000000000672-55-tps-20-21.svg","","","https://s.alicdn.com/@u/mobile/g/common/flags/1.0.0/assets/cn.png","https://s.alicdn.com/@img/imgextra/i3/O1CN01Bv2erf1UtOvnQdp1D_!!6000000002575-55-tps-12-10.svg","https://s.alicdn.com/@sc01/kf/H62868c75e7eb4fbba8f8eb600d749c2aR.png","https://s.alicdn.com/@img/imgextra/i3/O1CN01mhQx6j25bfQson9wW_!!6000000007545-2-tps-56-56.png","https://s.alicdn.com/@img/imgextra/i3/O1CN01Bv2erf1UtOvnQdp1D_!!6000000002575-55-tps-12-10.svg","https://s.alicdn.com/@img/imgextra/i3/O1CN01Bv2erf1UtOvnQdp1D_!!6000000002575-55-tps-12-10.svg","","https://s.alicdn.com/@img/imgextra/i1/O1CN01skevju1mJMrEIZqWk_!!6000000004933-55-tps-21-21.svg","https://s.alicdn.com/@img/imgextra/i1/O1CN01skevju1mJMrEIZqWk_!!6000000004933-55-tps-21-21.svg","https://s.alicdn.com/@img/imgextra/i3/O1CN01mhQx6j25bfQson9wW_!!6000000007545-2-tps-56-56.png",""
"1773592602-53","https://www.alibaba.com/search/page?spm=a2700.product_home_fy25.home_login_first_screen_fy23_pc_search_bar.associationItem_pos_0&SearchScene=proSearch&SearchText=kids+toys+hot+selling&pro=true&from=pcHomeContent","2024 Hot Selling Multifunctional Educational Toys Creative Fishing Learning Box Magnetism Toys for Kids Boys and Girls Unisex","Yunhe County Two Ears Toys Co., Ltd.","2 yrs","$4.11-4.69","Min. order: 2 sets","Hot","","Selling","Toys","Toys","Kids","","","","","Matches all 2/2 requirements","Chat now","","","","Easy Return","","","","CN","","","https://s.alicdn.com/@sc04/kf/Hf0762a26091f422d83005cec19a1a756s.jpg_300x300.jpg","","","","https://s.alicdn.com/@img/imgextra/i1/O1CN01H0fqnK1Gpp8Bpra4W_!!6000000000672-55-tps-20-21.svg","","https://s.alicdn.com/@img/imgextra/i4/O1CN01QUhXLX1lDaB0DYt9b_!!6000000004785-2-tps-34-34.png","https://s.alicdn.com/@u/mobile/g/common/flags/1.0.0/assets/cn.png","https://s.alicdn.com/@img/imgextra/i2/O1CN01lUQbI41ymTPgE2qXM_!!6000000006621-55-tps-12-10.svg","","","","","","https://s.alicdn.com/@img/imgextra/i1/O1CN01skevju1mJMrEIZqWk_!!6000000004933-55-tps-21-21.svg","https://s.alicdn.com/@img/imgextra/i1/O1CN01skevju1mJMrEIZqWk_!!6000000004933-55-tps-21-21.svg","",""
"1773592602-54","https://www.alibaba.com/search/page?spm=a2700.product_home_fy25.home_login_first_screen_fy23_pc_search_bar.associationItem_pos_0&SearchScene=proSearch&SearchText=kids+toys+hot+selling&pro=true&from=pcHomeContent","Hot-selling New Plush Animal Dog Fur Toys for Children's Gifts","Hebei Xiongan Zangfeng Trading Co., Ltd.","2 yrs","$2.20-2.60","Min. order: 20 pieces","Hot","230 sold","selling","Toys","","","4.9","4.9/5.0","(15)","","Matches all 2/2 requirements","Chat now","","","","Easy Return","","","","CN","Ad","","https://s.alicdn.com/@sc04/kf/Hc486fb1ce7274b55862866312920a516u.jpg_300x300.jpg","","","","https://s.alicdn.com/@img/imgextra/i1/O1CN01H0fqnK1Gpp8Bpra4W_!!6000000000672-55-tps-20-21.svg","","https://s.alicdn.com/@img/imgextra/i4/O1CN01QUhXLX1lDaB0DYt9b_!!6000000004785-2-tps-34-34.png","https://s.alicdn.com/@u/mobile/g/common/flags/1.0.0/assets/cn.png","https://s.alicdn.com/@img/imgextra/i2/O1CN01lUQbI41ymTPgE2qXM_!!6000000006621-55-tps-12-10.svg","","","","","","https://s.alicdn.com/@img/imgextra/i1/O1CN01skevju1mJMrEIZqWk_!!6000000004933-55-tps-21-21.svg","https://s.alicdn.com/@img/imgextra/i1/O1CN01skevju1mJMrEIZqWk_!!6000000004933-55-tps-21-21.svg","",""
"1773592602-55","https://www.alibaba.com/search/page?spm=a2700.product_home_fy25.home_login_first_screen_fy23_pc_search_bar.associationItem_pos_0&SearchScene=proSearch&SearchText=kids+toys+hot+selling&pro=true&from=pcHomeContent","Hot Ride-On Toy Electric Car for Kids Age Range 2-13 Years Battery Powered Four-Wheel Remote Control Car Gift for Boys & Girls","Guangzhou Aoyu Trading Firm (Sole Proprietorship)","1 yr","$135","Min. order: 1 piece","Hot","","Toy","Kids","","","4.9","4.9/5.0","(18)","","Matches all 2/2 requirements","Chat now","","","","Easy Return","","","","CN","","","https://s.alicdn.com/@sc04/kf/Hda81dd0456a1438c96411747046bfb89O.png_300x300.png","","","","https://s.alicdn.com/@img/imgextra/i1/O1CN01H0fqnK1Gpp8Bpra4W_!!6000000000672-55-tps-20-21.svg","","https://s.alicdn.com/@img/imgextra/i4/O1CN01QUhXLX1lDaB0DYt9b_!!6000000004785-2-tps-34-34.png","https://s.alicdn.com/@u/mobile/g/common/flags/1.0.0/assets/cn.png","https://s.alicdn.com/@img/imgextra/i2/O1CN01lUQbI41ymTPgE2qXM_!!6000000006621-55-tps-12-10.svg","","","","","","https://s.alicdn.com/@img/imgextra/i1/O1CN01skevju1mJMrEIZqWk_!!6000000004933-55-tps-21-21.svg","https://s.alicdn.com/@img/imgextra/i1/O1CN01skevju1mJMrEIZqWk_!!6000000004933-55-tps-21-21.svg","",""
"1773592602-56","https://www.alibaba.com/search/page?spm=a2700.product_home_fy25.home_login_first_screen_fy23_pc_search_bar.associationItem_pos_0&SearchScene=proSearch&SearchText=kids+toys+hot+selling&pro=true&from=pcHomeContent","2024 Hot Sales Wooden Hexagon Shape 6 Designs Puzzles for Kids Wooden Toys","Ningbo Eduland Toys Co., Ltd.","5 yrs","$0.80-1.99","Min. order: 300 sets","Hot","100 sold","Kids","Toys","","","4.9","4.9/5.0","(3)","5% off $2,000","Matches all 2/2 requirements","Chat now","","","","","","5% off $2,000","","CN","","","https://s.alicdn.com/@sc04/kf/H0e32f5ca77de4a258e529c76ff683f00l.jpg_300x300.jpg","","","","https://s.alicdn.com/@img/imgextra/i1/O1CN01H0fqnK1Gpp8Bpra4W_!!6000000000672-55-tps-20-21.svg","","","https://s.alicdn.com/@u/mobile/g/common/flags/1.0.0/assets/cn.png","https://s.alicdn.com/@img/imgextra/i3/O1CN01Bv2erf1UtOvnQdp1D_!!6000000002575-55-tps-12-10.svg","https://s.alicdn.com/@sc01/kf/H62868c75e7eb4fbba8f8eb600d749c2aR.png","https://s.alicdn.com/@img/imgextra/i3/O1CN01mhQx6j25bfQson9wW_!!6000000007545-2-tps-56-56.png","https://s.alicdn.com/@img/imgextra/i3/O1CN01Bv2erf1UtOvnQdp1D_!!6000000002575-55-tps-12-10.svg","","","https://s.alicdn.com/@img/imgextra/i1/O1CN01skevju1mJMrEIZqWk_!!6000000004933-55-tps-21-21.svg","https://s.alicdn.com/@img/imgextra/i1/O1CN01skevju1mJMrEIZqWk_!!6000000004933-55-tps-21-21.svg","https://s.alicdn.com/@img/imgextra/i3/O1CN01mhQx6j25bfQson9wW_!!6000000007545-2-tps-56-56.png",""
"1773592602-57","https://www.alibaba.com/search/page?spm=a2700.product_home_fy25.home_login_first_screen_fy23_pc_search_bar.associationItem_pos_0&SearchScene=proSearch&SearchText=kids+toys+hot+selling&pro=true&from=pcHomeContent","Wholesale Hot Sale Creative 3D Puzzles Parent-child Interactive Toys Funny Kids Assembling Simulation Toy Cute 3D Farm","Dongguan Coshine Cultural & Creative Co., Ltd.","1 yr","$0.68-1.20","Min. order: 300 pieces","Hot","","Toys","Kids","Toy","","","","","","Matches all 2/2 requirements","Chat now","","","","Easy Return","","","","CN","Ad","","https://s.alicdn.com/@sc04/kf/He16119de26394935a85466f77c2abff5P.jpg_300x300.jpg","","","","https://s.alicdn.com/@img/imgextra/i1/O1CN01H0fqnK1Gpp8Bpra4W_!!6000000000672-55-tps-20-21.svg","","https://s.alicdn.com/@img/imgextra/i4/O1CN01QUhXLX1lDaB0DYt9b_!!6000000004785-2-tps-34-34.png","https://s.alicdn.com/@u/mobile/g/common/flags/1.0.0/assets/cn.png","https://s.alicdn.com/@img/imgextra/i2/O1CN01lUQbI41ymTPgE2qXM_!!6000000006621-55-tps-12-10.svg","","","","","","https://s.alicdn.com/@img/imgextra/i1/O1CN01skevju1mJMrEIZqWk_!!6000000004933-55-tps-21-21.svg","https://s.alicdn.com/@img/imgextra/i1/O1CN01skevju1mJMrEIZqWk_!!6000000004933-55-tps-21-21.svg","",""
"1773592602-58","https://www.alibaba.com/search/page?spm=a2700.product_home_fy25.home_login_first_screen_fy23_pc_search_bar.associationItem_pos_0&SearchScene=proSearch&SearchText=kids+toys+hot+selling&pro=true&from=pcHomeContent","Whole Sale Busy Board Sensory Montessori Travel Educational Toy Gift for Toddler, Baby, Kids, Boys, Girls ,Unicorn Busy Book","Tianjin Rongsen Felt Trade Co., Ltd.","5 yrs","$4","Min. order: 2 pieces","Toy","54,368 sold","Kids","","","","4.8","4.8/5.0","(96)","Money-back guarantee","Matches all 1/2 requirements","Chat now","Add to cart","","","","certified","FREE shipping","Money-back guarantee","CN","","","https://s.alicdn.com/@sc04/kf/Hbe4c7979e90445f4af9ede3be4072911x.jpg_300x300.jpg","","","https://s.alicdn.com/@sc01/kf/Hdbac61a2fce04421bb714a28e201ead6R.png?webp=close&avif=close","https://s.alicdn.com/@img/imgextra/i1/O1CN01H0fqnK1Gpp8Bpra4W_!!6000000000672-55-tps-20-21.svg","https://s.alicdn.com/@sc04/kf/Hdbbb6a106e8d4515be692063768d8fd4J.png_100x100.png?webp=close&avif=close","","https://s.alicdn.com/@u/mobile/g/common/flags/1.0.0/assets/cn.png","https://s.alicdn.com/@img/imgextra/i3/O1CN01Bv2erf1UtOvnQdp1D_!!6000000002575-55-tps-12-10.svg","https://s.alicdn.com/@sc01/kf/H62868c75e7eb4fbba8f8eb600d749c2aR.png","https://s.alicdn.com/@img/imgextra/i2/O1CN01pZsS7S1RAZFleCw0N_!!6000000002071-2-tps-33-34.png","https://s.alicdn.com/@img/imgextra/i3/O1CN01Bv2erf1UtOvnQdp1D_!!6000000002575-55-tps-12-10.svg","https://s.alicdn.com/@img/imgextra/i3/O1CN01Bv2erf1UtOvnQdp1D_!!6000000002575-55-tps-12-10.svg","","https://s.alicdn.com/@img/imgextra/i1/O1CN01skevju1mJMrEIZqWk_!!6000000004933-55-tps-21-21.svg","https://s.alicdn.com/@img/imgextra/i1/O1CN01skevju1mJMrEIZqWk_!!6000000004933-55-tps-21-21.svg","https://s.alicdn.com/@img/imgextra/i1/O1CN01AKovar1kB0OVaoU0M_!!6000000004644-2-tps-34-33.png","https://s.alicdn.com/@img/imgextra/i2/O1CN01pZsS7S1RAZFleCw0N_!!6000000002071-2-tps-33-34.png"
"1773592602-59","https://www.alibaba.com/search/page?spm=a2700.product_home_fy25.home_login_first_screen_fy23_pc_search_bar.associationItem_pos_0&SearchScene=proSearch&SearchText=kids+toys+hot+selling&pro=true&from=pcHomeContent","OEM Custom Soft Plush Toy Bunny Rabbit Dolls New Design Cartoon Stuffed Animal Birthday Unisex Wholesale Gift with Long Ears","Shanghai Royal Lifestyle Co., Ltd.","5 yrs","$3.30","Min. order: 10 pieces","Toy","3,460 sold","","","","","4.9","4.9/5.0","(22)","Delivery by Apr 07","Matches all 1/2 requirements","Chat now","Add to cart","","","","certified","$20 off shipping","Delivery by Apr 07","CN","Ad","Money-back guarantee","https://s.alicdn.com/@sc04/kf/H98d058efba8047a0940e82ad5e42463dy.jpg_300x300.jpg","","","https://s.alicdn.com/@sc04/kf/Hdbbb6a106e8d4515be692063768d8fd4J.png_100x100.png?webp=close&avif=close","https://s.alicdn.com/@img/imgextra/i1/O1CN01H0fqnK1Gpp8Bpra4W_!!6000000000672-55-tps-20-21.svg","https://s.alicdn.com/@img/imgextra/i1/O1CN01Qlzniu1tBJAdJ8zsY_!!6000000005863-2-tps-283-45.png?webp=close&avif=close","","https://s.alicdn.com/@u/mobile/g/common/flags/1.0.0/assets/cn.png","https://s.alicdn.com/@img/imgextra/i3/O1CN01Bv2erf1UtOvnQdp1D_!!6000000002575-55-tps-12-10.svg","","https://s.alicdn.com/@img/imgextra/i2/O1CN01pZsS7S1RAZFleCw0N_!!6000000002071-2-tps-33-34.png","","","https://s.alicdn.com/@img/imgextra/i2/O1CN01pZsS7S1RAZFleCw0N_!!6000000002071-2-tps-33-34.png","https://s.alicdn.com/@img/imgextra/i1/O1CN01skevju1mJMrEIZqWk_!!6000000004933-55-tps-21-21.svg","https://s.alicdn.com/@img/imgextra/i1/O1CN01skevju1mJMrEIZqWk_!!6000000004933-55-tps-21-21.svg","https://s.alicdn.com/@img/imgextra/i1/O1CN01AKovar1kB0OVaoU0M_!!6000000004644-2-tps-34-33.png","https://s.alicdn.com/@img/imgextra/i2/O1CN01pZsS7S1RAZFleCw0N_!!6000000002071-2-tps-33-34.png"
"1773592602-60","https://www.alibaba.com/search/page?spm=a2700.product_home_fy25.home_login_first_screen_fy23_pc_search_bar.associationItem_pos_0&SearchScene=proSearch&SearchText=kids+toys+hot+selling&pro=true&from=pcHomeContent","Explosive Indoor Interactive Electric Mouse From High Boredom Automatic Cat-teasing Toys Wholesale","Shanghai Holley International Trading Co., Ltd.","8 yrs","$0.66-0.81","Min. order: 30 pieces","Toys","25 sold","","","","","4.4","4.4/5.0","(2)","5% off $2,000","Matches all 1/2 requirements","Chat now","","","","","","5% off $2,000","","CN","","","https://s.alicdn.com/@sc04/kf/He8695d498c744a25b4c5d41c0b204b5al.jpeg_300x300.jpeg","","","https://s.alicdn.com/@img/imgextra/i4/O1CN01ZQqlCv1icMsN1gizu_!!6000000004433-2-tps-172-64.png?webp=close&avif=close","https://s.alicdn.com/@img/imgextra/i1/O1CN01H0fqnK1Gpp8Bpra4W_!!6000000000672-55-tps-20-21.svg","","","https://s.alicdn.com/@u/mobile/g/common/flags/1.0.0/assets/cn.png","https://s.alicdn.com/@img/imgextra/i3/O1CN01Bv2erf1UtOvnQdp1D_!!6000000002575-55-tps-12-10.svg","","https://s.alicdn.com/@img/imgextra/i3/O1CN01mhQx6j25bfQson9wW_!!6000000007545-2-tps-56-56.png","https://s.alicdn.com/@img/imgextra/i3/O1CN01Bv2erf1UtOvnQdp1D_!!6000000002575-55-tps-12-10.svg","https://s.alicdn.com/@img/imgextra/i3/O1CN01Bv2erf1UtOvnQdp1D_!!6000000002575-55-tps-12-10.svg","","https://s.alicdn.com/@img/imgextra/i1/O1CN01skevju1mJMrEIZqWk_!!6000000004933-55-tps-21-21.svg","https://s.alicdn.com/@img/imgextra/i1/O1CN01skevju1mJMrEIZqWk_!!6000000004933-55-tps-21-21.svg","https://s.alicdn.com/@img/imgextra/i3/O1CN01mhQx6j25bfQson9wW_!!6000000007545-2-tps-56-56.png",""
