web_scraper_order,web_scraper_start_url,data,data2,data3,data4,price,data5,data6,data7,data8,data9,data10,data11,data12,data13,data14,data15,data16,data17,price2,price3,data18,data19,data20,data21,data22,data23,data24,image,image2,image3,image4,image5,image6,image7,image8,image9,image10,image11,image12,image13,image14,image15,image16,image17,image18,image19
"1773592474-1","https://www.alibaba.com/search/page?spm=a2700.product_home_fy25.home_login_first_screen_fy23_pc_search_bar.associationItem_pos_0&SearchScene=proSearch&SearchText=kids+toys+hot+selling&pro=true&from=pcHomeContent","Promotion Plush Toys Cute Teddy Bear Panda Unicorn Duck Plush Toy Child Sofa Plush Chair Sofa Soft Pillow Child Seat Gift","Jinhu Golden Sun Enterprise Co., Ltd.","16 yrs","Min. order: 300 pieces","$0.80-10","","Toys","Toy","","","","5.0","5.0/5.0","(1)","","Matches all 2/2 requirements","Chat now","","","","Easy Return","","","","","CN","Ad","https://s.alicdn.com/@sc04/kf/H41ae68666ca84309bde52b6d6d63e013a.png_300x300.png","","","https://s.alicdn.com/@img/imgextra/i1/O1CN01H0fqnK1Gpp8Bpra4W_!!6000000000672-55-tps-20-21.svg","https://s.alicdn.com/@img/imgextra/i4/O1CN01ZQqlCv1icMsN1gizu_!!6000000004433-2-tps-172-64.png?webp=close&avif=close","","","https://s.alicdn.com/@img/imgextra/i4/O1CN01QUhXLX1lDaB0DYt9b_!!6000000004785-2-tps-34-34.png","https://s.alicdn.com/@u/mobile/g/common/flags/1.0.0/assets/cn.png","https://s.alicdn.com/@sc01/kf/H62868c75e7eb4fbba8f8eb600d749c2aR.png","https://s.alicdn.com/@img/imgextra/i3/O1CN01Bv2erf1UtOvnQdp1D_!!6000000002575-55-tps-12-10.svg","","https://s.alicdn.com/@img/imgextra/i3/O1CN01Bv2erf1UtOvnQdp1D_!!6000000002575-55-tps-12-10.svg","","","https://s.alicdn.com/@img/imgextra/i1/O1CN01skevju1mJMrEIZqWk_!!6000000004933-55-tps-21-21.svg","https://s.alicdn.com/@img/imgextra/i1/O1CN01skevju1mJMrEIZqWk_!!6000000004933-55-tps-21-21.svg","",""
"1773592474-2","https://www.alibaba.com/search/page?spm=a2700.product_home_fy25.home_login_first_screen_fy23_pc_search_bar.associationItem_pos_0&SearchScene=proSearch&SearchText=kids+toys+hot+selling&pro=true&from=pcHomeContent","Good Selling Modern Design Different Cute Soft Plush Animal Toys for Baby","Yangzhou Amy Rabbit Electronic Commerce Co., Ltd.","2 yrs","Min. order: 50 pieces","$1-1.50","28,812 sold","Selling","Toys","","","","4.6","4.6/5.0","(77)","","Matches all 2/2 requirements","Chat now","","","","Easy Return","certified","","","","CN","","https://s.alicdn.com/@sc04/kf/H16e5ddd63180475ea5c6dcca59bdf6a6n.png_300x300.png","","","https://s.alicdn.com/@img/imgextra/i1/O1CN01H0fqnK1Gpp8Bpra4W_!!6000000000672-55-tps-20-21.svg","https://s.alicdn.com/@img/imgextra/i4/O1CN01ZQqlCv1icMsN1gizu_!!6000000004433-2-tps-172-64.png?webp=close&avif=close","https://s.alicdn.com/@sc04/kf/Hb0e2a0d1a2d44e0ba2491f8e2f92eeedS.png_100x100.png?webp=close&avif=close","https://s.alicdn.com/@sc04/kf/Hdbbb6a106e8d4515be692063768d8fd4J.png_100x100.png?webp=close&avif=close","https://s.alicdn.com/@img/imgextra/i4/O1CN01QUhXLX1lDaB0DYt9b_!!6000000004785-2-tps-34-34.png","https://s.alicdn.com/@u/mobile/g/common/flags/1.0.0/assets/cn.png","https://s.alicdn.com/@sc01/kf/H62868c75e7eb4fbba8f8eb600d749c2aR.png","https://s.alicdn.com/@img/imgextra/i3/O1CN01Bv2erf1UtOvnQdp1D_!!6000000002575-55-tps-12-10.svg","","https://s.alicdn.com/@img/imgextra/i3/O1CN01Bv2erf1UtOvnQdp1D_!!6000000002575-55-tps-12-10.svg","https://s.alicdn.com/@img/imgextra/i3/O1CN01Bv2erf1UtOvnQdp1D_!!6000000002575-55-tps-12-10.svg","","https://s.alicdn.com/@img/imgextra/i1/O1CN01skevju1mJMrEIZqWk_!!6000000004933-55-tps-21-21.svg","https://s.alicdn.com/@img/imgextra/i1/O1CN01skevju1mJMrEIZqWk_!!6000000004933-55-tps-21-21.svg","",""
"1773592474-3","https://www.alibaba.com/search/page?spm=a2700.product_home_fy25.home_login_first_screen_fy23_pc_search_bar.associationItem_pos_0&SearchScene=proSearch&SearchText=kids+toys+hot+selling&pro=true&from=pcHomeContent","Sport Toys Plastic Toy for Kids Outdoor Toys Plastic High Quality Hot Selling Table Tennis Launcher Ball Robot Gift","Quois Trading Limited","3 yrs","Min. order: 12 pieces","$9.50","","Toys","Toy","Kids","Toys","Hot","","","","$20 off shipping","Matches all 2/2 requirements","Chat now","Add to cart","","","","","$20 off shipping","Lower priced than similar","Delivery by Apr 25","CN","","https://s.alicdn.com/@sc04/kf/H7388f420248741ce96bb97591bb42d25b.png_300x300.png","","","https://s.alicdn.com/@img/imgextra/i1/O1CN01H0fqnK1Gpp8Bpra4W_!!6000000000672-55-tps-20-21.svg","","","","","https://s.alicdn.com/@u/mobile/g/common/flags/1.0.0/assets/cn.png","https://s.alicdn.com/@sc01/kf/H62868c75e7eb4fbba8f8eb600d749c2aR.png","https://s.alicdn.com/@img/imgextra/i2/O1CN01lUQbI41ymTPgE2qXM_!!6000000006621-55-tps-12-10.svg","https://s.alicdn.com/@img/imgextra/i1/O1CN01AKovar1kB0OVaoU0M_!!6000000004644-2-tps-34-33.png","","","https://s.alicdn.com/@sc01/kf/He15f3630b6674cb697c45c43f49fc3752.png","https://s.alicdn.com/@img/imgextra/i1/O1CN01skevju1mJMrEIZqWk_!!6000000004933-55-tps-21-21.svg","https://s.alicdn.com/@img/imgextra/i1/O1CN01skevju1mJMrEIZqWk_!!6000000004933-55-tps-21-21.svg","https://s.alicdn.com/@img/imgextra/i1/O1CN01AKovar1kB0OVaoU0M_!!6000000004644-2-tps-34-33.png","https://s.alicdn.com/@img/imgextra/i2/O1CN01pZsS7S1RAZFleCw0N_!!6000000002071-2-tps-33-34.png"
"1773592474-4","https://www.alibaba.com/search/page?spm=a2700.product_home_fy25.home_login_first_screen_fy23_pc_search_bar.associationItem_pos_0&SearchScene=proSearch&SearchText=kids+toys+hot+selling&pro=true&from=pcHomeContent","Customized Hot-selling Children's Learning Felt Board Travel Portable Educational Toy","Hebei Huaren Felt Co., Ltd.","14 yrs","Min. order: 10 pieces","$3.20-4.50","","Hot","selling","Toy","","","4.9","4.9/5.0","(8)","5% off $2,000","Matches all 2/2 requirements","Chat now","","","","","","5% off $2,000","Easy Return","","CN","","https://s.alicdn.com/@sc04/kf/Hd7111400aa7a410dba2cdd81740c68ac9.png_300x300.png","","","https://s.alicdn.com/@img/imgextra/i1/O1CN01H0fqnK1Gpp8Bpra4W_!!6000000000672-55-tps-20-21.svg","https://s.alicdn.com/@img/imgextra/i4/O1CN01ZQqlCv1icMsN1gizu_!!6000000004433-2-tps-172-64.png?webp=close&avif=close","","","","https://s.alicdn.com/@u/mobile/g/common/flags/1.0.0/assets/cn.png","https://s.alicdn.com/@sc01/kf/H62868c75e7eb4fbba8f8eb600d749c2aR.png","https://s.alicdn.com/@img/imgextra/i3/O1CN01Bv2erf1UtOvnQdp1D_!!6000000002575-55-tps-12-10.svg","https://s.alicdn.com/@img/imgextra/i3/O1CN01mhQx6j25bfQson9wW_!!6000000007545-2-tps-56-56.png","","","https://s.alicdn.com/@img/imgextra/i4/O1CN01QUhXLX1lDaB0DYt9b_!!6000000004785-2-tps-34-34.png","https://s.alicdn.com/@img/imgextra/i1/O1CN01skevju1mJMrEIZqWk_!!6000000004933-55-tps-21-21.svg","https://s.alicdn.com/@img/imgextra/i1/O1CN01skevju1mJMrEIZqWk_!!6000000004933-55-tps-21-21.svg","https://s.alicdn.com/@img/imgextra/i3/O1CN01mhQx6j25bfQson9wW_!!6000000007545-2-tps-56-56.png",""
"1773592474-5","https://www.alibaba.com/search/page?spm=a2700.product_home_fy25.home_login_first_screen_fy23_pc_search_bar.associationItem_pos_0&SearchScene=proSearch&SearchText=kids+toys+hot+selling&pro=true&from=pcHomeContent","2025 Year Hot Sell 100 Pcs 3D Diy Magnetic Tiles Magnetic Building Block for Kids","Yongkang Xinxinle Technology Co., Ltd.","2 yrs","Min. order: 1 set","$10.03-11.70","","Hot","Sell","Kids","","","4.2","4.2/5.0","(6)","","Matches all 2/2 requirements","Chat now","","","","Easy Return","certified","","","","CN","","https://s.alicdn.com/@sc04/kf/H38ee1483f24b4f6699b0fa4c30c052dfh.jpg_300x300.jpg","https://s.alicdn.com/@sc04/kf/H1603a777e41b4b4eb3cba19c631cff6cX.png_100x100.png?webp=close&avif=close","","https://s.alicdn.com/@img/imgextra/i1/O1CN01H0fqnK1Gpp8Bpra4W_!!6000000000672-55-tps-20-21.svg","","https://s.alicdn.com/@sc04/kf/Hb0e2a0d1a2d44e0ba2491f8e2f92eeedS.png_100x100.png?webp=close&avif=close","https://s.alicdn.com/@sc04/kf/Hdbbb6a106e8d4515be692063768d8fd4J.png_100x100.png?webp=close&avif=close","https://s.alicdn.com/@img/imgextra/i4/O1CN01QUhXLX1lDaB0DYt9b_!!6000000004785-2-tps-34-34.png","https://s.alicdn.com/@u/mobile/g/common/flags/1.0.0/assets/cn.png","https://s.alicdn.com/@sc01/kf/H62868c75e7eb4fbba8f8eb600d749c2aR.png","https://s.alicdn.com/@img/imgextra/i2/O1CN01lUQbI41ymTPgE2qXM_!!6000000006621-55-tps-12-10.svg","","","","","https://s.alicdn.com/@img/imgextra/i1/O1CN01skevju1mJMrEIZqWk_!!6000000004933-55-tps-21-21.svg","https://s.alicdn.com/@img/imgextra/i1/O1CN01skevju1mJMrEIZqWk_!!6000000004933-55-tps-21-21.svg","",""
"1773592474-6","https://www.alibaba.com/search/page?spm=a2700.product_home_fy25.home_login_first_screen_fy23_pc_search_bar.associationItem_pos_0&SearchScene=proSearch&SearchText=kids+toys+hot+selling&pro=true&from=pcHomeContent","Popular Kids' Snowflake Ice Cube Squishy Novelty PU Stress-Relieving Toy for All Ages","Yiwu Baoshi Toys Co., Ltd.","3 yrs","Min. order: 2 pieces","$0.60","584 sold","Kids","Toy","","","","4.7","4.7/5.0","(70)","FREE shipping","Matches all 2/2 requirements","Chat now","Add to cart","","","","certified","FREE shipping","Lower priced than similar","Delivery by Apr 18","CN","","https://s.alicdn.com/@sc04/kf/Haf8103965fd740969f461ab9b3ac1d88r.jpg_300x300.jpg","","","https://s.alicdn.com/@img/imgextra/i1/O1CN01H0fqnK1Gpp8Bpra4W_!!6000000000672-55-tps-20-21.svg","https://s.alicdn.com/@sc01/kf/Hdbac61a2fce04421bb714a28e201ead6R.png?webp=close&avif=close","https://s.alicdn.com/@sc04/kf/Hb0e2a0d1a2d44e0ba2491f8e2f92eeedS.png_100x100.png?webp=close&avif=close","https://s.alicdn.com/@sc04/kf/Hdbbb6a106e8d4515be692063768d8fd4J.png_100x100.png?webp=close&avif=close","","https://s.alicdn.com/@u/mobile/g/common/flags/1.0.0/assets/cn.png","","https://s.alicdn.com/@img/imgextra/i3/O1CN01Bv2erf1UtOvnQdp1D_!!6000000002575-55-tps-12-10.svg","https://s.alicdn.com/@img/imgextra/i1/O1CN01AKovar1kB0OVaoU0M_!!6000000004644-2-tps-34-33.png","","","https://s.alicdn.com/@sc01/kf/He15f3630b6674cb697c45c43f49fc3752.png","https://s.alicdn.com/@img/imgextra/i1/O1CN01skevju1mJMrEIZqWk_!!6000000004933-55-tps-21-21.svg","https://s.alicdn.com/@img/imgextra/i1/O1CN01skevju1mJMrEIZqWk_!!6000000004933-55-tps-21-21.svg","https://s.alicdn.com/@img/imgextra/i1/O1CN01AKovar1kB0OVaoU0M_!!6000000004644-2-tps-34-33.png","https://s.alicdn.com/@img/imgextra/i2/O1CN01pZsS7S1RAZFleCw0N_!!6000000002071-2-tps-33-34.png"
"1773592474-7","https://www.alibaba.com/search/page?spm=a2700.product_home_fy25.home_login_first_screen_fy23_pc_search_bar.associationItem_pos_0&SearchScene=proSearch&SearchText=kids+toys+hot+selling&pro=true&from=pcHomeContent","Hot-selling Dancing Octopus Toy, Rechargeable Electric Walking Squid Cuttlefish Sensing Crawl Dancing Squid Toys for Kids","Yiwu You Can Imp & Exp Co., Ltd.","6 yrs","Min. order: 10 bags","$1.60-3.90","1 sold","Hot","selling","Toy","Toys","Kids","4.8","4.8/5.0","(34)","$20 off shipping","Matches all 2/2 requirements","Chat now","Add to cart","","","","","$20 off shipping","Lower priced than similar","Delivery by Apr 25","CN","","https://s.alicdn.com/@sc04/kf/H9c1ae03e90cb4541ab7a68dbc3fc10bb2.jpg_300x300.jpg","","","https://s.alicdn.com/@img/imgextra/i1/O1CN01H0fqnK1Gpp8Bpra4W_!!6000000000672-55-tps-20-21.svg","","","","","https://s.alicdn.com/@u/mobile/g/common/flags/1.0.0/assets/cn.png","","https://s.alicdn.com/@img/imgextra/i3/O1CN01Bv2erf1UtOvnQdp1D_!!6000000002575-55-tps-12-10.svg","https://s.alicdn.com/@img/imgextra/i1/O1CN01AKovar1kB0OVaoU0M_!!6000000004644-2-tps-34-33.png","","","https://s.alicdn.com/@sc01/kf/He15f3630b6674cb697c45c43f49fc3752.png","https://s.alicdn.com/@img/imgextra/i1/O1CN01skevju1mJMrEIZqWk_!!6000000004933-55-tps-21-21.svg","https://s.alicdn.com/@img/imgextra/i1/O1CN01skevju1mJMrEIZqWk_!!6000000004933-55-tps-21-21.svg","https://s.alicdn.com/@img/imgextra/i1/O1CN01AKovar1kB0OVaoU0M_!!6000000004644-2-tps-34-33.png","https://s.alicdn.com/@img/imgextra/i2/O1CN01pZsS7S1RAZFleCw0N_!!6000000002071-2-tps-33-34.png"
"1773592474-8","https://www.alibaba.com/search/page?spm=a2700.product_home_fy25.home_login_first_screen_fy23_pc_search_bar.associationItem_pos_0&SearchScene=proSearch&SearchText=kids+toys+hot+selling&pro=true&from=pcHomeContent","Hot Selling Led Flying Arrow Light Helicopter Catapult Light Toy Helicopter Flying Arrow Neon Party Kid Toys","Dongguan Yongnkids Toys Technology Co., Ltd.","6 yrs","Min. order: 500 pieces","$0.19-0.32","","Hot","Selling","Toy","Kid","Toys","4.9","4.9/5.0","(41)","5% off $2,000","Matches all 2/2 requirements","Chat now","","","","","","5% off $2,000","Easy Return","","CN","Ad","https://s.alicdn.com/@sc04/kf/Hb4c6fc093d814082a20ca30612d8123ci.jpg_300x300.jpg","","","https://s.alicdn.com/@img/imgextra/i1/O1CN01H0fqnK1Gpp8Bpra4W_!!6000000000672-55-tps-20-21.svg","https://s.alicdn.com/@img/imgextra/i4/O1CN01ZQqlCv1icMsN1gizu_!!6000000004433-2-tps-172-64.png?webp=close&avif=close","","","","https://s.alicdn.com/@u/mobile/g/common/flags/1.0.0/assets/cn.png","https://s.alicdn.com/@sc01/kf/H62868c75e7eb4fbba8f8eb600d749c2aR.png","https://s.alicdn.com/@img/imgextra/i3/O1CN01Bv2erf1UtOvnQdp1D_!!6000000002575-55-tps-12-10.svg","https://s.alicdn.com/@img/imgextra/i3/O1CN01mhQx6j25bfQson9wW_!!6000000007545-2-tps-56-56.png","https://s.alicdn.com/@img/imgextra/i3/O1CN01Bv2erf1UtOvnQdp1D_!!6000000002575-55-tps-12-10.svg","https://s.alicdn.com/@img/imgextra/i3/O1CN01Bv2erf1UtOvnQdp1D_!!6000000002575-55-tps-12-10.svg","https://s.alicdn.com/@img/imgextra/i4/O1CN01QUhXLX1lDaB0DYt9b_!!6000000004785-2-tps-34-34.png","https://s.alicdn.com/@img/imgextra/i1/O1CN01skevju1mJMrEIZqWk_!!6000000004933-55-tps-21-21.svg","https://s.alicdn.com/@img/imgextra/i1/O1CN01skevju1mJMrEIZqWk_!!6000000004933-55-tps-21-21.svg","https://s.alicdn.com/@img/imgextra/i3/O1CN01mhQx6j25bfQson9wW_!!6000000007545-2-tps-56-56.png",""
"1773592474-9","https://www.alibaba.com/search/page?spm=a2700.product_home_fy25.home_login_first_screen_fy23_pc_search_bar.associationItem_pos_0&SearchScene=proSearch&SearchText=kids+toys+hot+selling&pro=true&from=pcHomeContent","Hot Sale 3D Puzzle DIY Toy Educational Cartoon Paper Toy for Kids Exported","Ningbo Sunrise Imp. & Exp. Ltd.","8 yrs","Min. order: 1500 sets","$2.90-3","","Hot","Toy","Toy","Kids","","","","","","Matches all 2/2 requirements","Chat now","","","","","","","","","CN","","https://s.alicdn.com/@sc04/kf/H0f514f43388a4902b1a9ec32d3a346d9m.jpg_300x300.jpg","","","https://s.alicdn.com/@img/imgextra/i1/O1CN01H0fqnK1Gpp8Bpra4W_!!6000000000672-55-tps-20-21.svg","","","","","https://s.alicdn.com/@u/mobile/g/common/flags/1.0.0/assets/cn.png","","https://s.alicdn.com/@img/imgextra/i2/O1CN01lUQbI41ymTPgE2qXM_!!6000000006621-55-tps-12-10.svg","","","","","https://s.alicdn.com/@img/imgextra/i1/O1CN01skevju1mJMrEIZqWk_!!6000000004933-55-tps-21-21.svg","https://s.alicdn.com/@img/imgextra/i1/O1CN01skevju1mJMrEIZqWk_!!6000000004933-55-tps-21-21.svg","",""
"1773592474-10","https://www.alibaba.com/search/page?spm=a2700.product_home_fy25.home_login_first_screen_fy23_pc_search_bar.associationItem_pos_0&SearchScene=proSearch&SearchText=kids+toys+hot+selling&pro=true&from=pcHomeContent","2025 Hot Selling Montessori Wooden Animal Jigsaw Puzzle with Music Sound Early Educational Learning Toys for Toddlers and Kids","Zhejiang Orient Industry & Trade Co., Ltd.","9 yrs","Min. order: 1000 pieces","$4.50-5.10","","Hot","Selling","Toys","Kids","","5.0","5.0/5.0","(1)","","Matches all 2/2 requirements","Chat now","","","","Easy Return","","","","","CN","","https://s.alicdn.com/@sc04/kf/H4135bfde0ecb4afda1caac4593932c50P.png_300x300.png","","","https://s.alicdn.com/@img/imgextra/i1/O1CN01H0fqnK1Gpp8Bpra4W_!!6000000000672-55-tps-20-21.svg","","","","https://s.alicdn.com/@img/imgextra/i4/O1CN01QUhXLX1lDaB0DYt9b_!!6000000004785-2-tps-34-34.png","https://s.alicdn.com/@u/mobile/g/common/flags/1.0.0/assets/cn.png","","https://s.alicdn.com/@img/imgextra/i2/O1CN01lUQbI41ymTPgE2qXM_!!6000000006621-55-tps-12-10.svg","","","","","https://s.alicdn.com/@img/imgextra/i1/O1CN01skevju1mJMrEIZqWk_!!6000000004933-55-tps-21-21.svg","https://s.alicdn.com/@img/imgextra/i1/O1CN01skevju1mJMrEIZqWk_!!6000000004933-55-tps-21-21.svg","",""
"1773592474-11","https://www.alibaba.com/search/page?spm=a2700.product_home_fy25.home_login_first_screen_fy23_pc_search_bar.associationItem_pos_0&SearchScene=proSearch&SearchText=kids+toys+hot+selling&pro=true&from=pcHomeContent","Hot Selling Stuffed Plush Unicorn Toy Cute Soft Unicorn Pillow Animal Horse Unisex Embroidered PP Children's Christmas Halloween","Customplushmaker (toyseei) Co., Ltd.","10 yrs","Min. order: 1 piece","$5.50","","Hot","Selling","Toy","","","5.0","5.0/5.0","(21)","","Matches all 2/2 requirements","Chat now","","","","","","","","","CN","","https://s.alicdn.com/@sc04/kf/Hb3c9792a92374728b977ba5afdb22811M.jpg_300x300.jpg","","","https://s.alicdn.com/@img/imgextra/i1/O1CN01H0fqnK1Gpp8Bpra4W_!!6000000000672-55-tps-20-21.svg","https://s.alicdn.com/@img/imgextra/i4/O1CN01ZQqlCv1icMsN1gizu_!!6000000004433-2-tps-172-64.png?webp=close&avif=close","","","","https://s.alicdn.com/@u/mobile/g/common/flags/1.0.0/assets/cn.png","https://s.alicdn.com/@sc01/kf/H62868c75e7eb4fbba8f8eb600d749c2aR.png","https://s.alicdn.com/@img/imgextra/i3/O1CN01Bv2erf1UtOvnQdp1D_!!6000000002575-55-tps-12-10.svg","","","","","https://s.alicdn.com/@img/imgextra/i1/O1CN01skevju1mJMrEIZqWk_!!6000000004933-55-tps-21-21.svg","https://s.alicdn.com/@img/imgextra/i1/O1CN01skevju1mJMrEIZqWk_!!6000000004933-55-tps-21-21.svg","",""
"1773592474-12","https://www.alibaba.com/search/page?spm=a2700.product_home_fy25.home_login_first_screen_fy23_pc_search_bar.associationItem_pos_0&SearchScene=proSearch&SearchText=kids+toys+hot+selling&pro=true&from=pcHomeContent","Hot Selling Transformation Toys Cartoon Super Heroes Shape Kids Watch","Yiwu Jimeng Crafts Co., Ltd.","1 yr","Min. order: 100 pieces","$1","","Hot","Selling","Toys","Kids","","4.7","4.7/5.0","(66)","$20 off shipping","Matches all 2/2 requirements","Chat now","Add to cart","","","","","$20 off shipping","Delivery by Jun 02","","CN","","https://s.alicdn.com/@sc04/kf/Hcf4328631d46437391782095a432e2d6r.jpg_300x300.jpg","","","https://s.alicdn.com/@img/imgextra/i1/O1CN01H0fqnK1Gpp8Bpra4W_!!6000000000672-55-tps-20-21.svg","","","","","https://s.alicdn.com/@u/mobile/g/common/flags/1.0.0/assets/cn.png","","https://s.alicdn.com/@img/imgextra/i3/O1CN01Bv2erf1UtOvnQdp1D_!!6000000002575-55-tps-12-10.svg","https://s.alicdn.com/@img/imgextra/i1/O1CN01AKovar1kB0OVaoU0M_!!6000000004644-2-tps-34-33.png","","","https://s.alicdn.com/@img/imgextra/i2/O1CN01pZsS7S1RAZFleCw0N_!!6000000002071-2-tps-33-34.png","https://s.alicdn.com/@img/imgextra/i1/O1CN01skevju1mJMrEIZqWk_!!6000000004933-55-tps-21-21.svg","https://s.alicdn.com/@img/imgextra/i1/O1CN01skevju1mJMrEIZqWk_!!6000000004933-55-tps-21-21.svg","https://s.alicdn.com/@img/imgextra/i1/O1CN01AKovar1kB0OVaoU0M_!!6000000004644-2-tps-34-33.png",""
"1773592474-13","https://www.alibaba.com/search/page?spm=a2700.product_home_fy25.home_login_first_screen_fy23_pc_search_bar.associationItem_pos_0&SearchScene=proSearch&SearchText=kids+toys+hot+selling&pro=true&from=pcHomeContent","Hot Selling Bubble Guns Soap Toy for Kids Electric Bubble Gun With Light Automatic Parent-child Outdoor Bubble Gun for Toys","Shantou Qiaobai Toys Co., Ltd.","7 yrs","Min. order: 1 box","$1.50","18 sold","Hot","Selling","Toy","Kids","Toys","4.8","4.8/5.0","(9)","FREE shipping","Matches all 2/2 requirements","Chat now","Add to cart","","","","certified","FREE shipping","Lowest among similar","Delivery by Apr 10","CN","Ad","https://s.alicdn.com/@sc04/kf/H02f0f066acbd402ba136ed78a3bd24d99.png_300x300.png","https://s.alicdn.com/@sc04/kf/H048f1cf3022140f7b70c88e3a19e30a48.png_100x100.png?webp=close&avif=close","","https://s.alicdn.com/@img/imgextra/i1/O1CN01H0fqnK1Gpp8Bpra4W_!!6000000000672-55-tps-20-21.svg","","https://s.alicdn.com/@sc04/kf/Hb0e2a0d1a2d44e0ba2491f8e2f92eeedS.png_100x100.png?webp=close&avif=close","https://s.alicdn.com/@sc04/kf/Hdbbb6a106e8d4515be692063768d8fd4J.png_100x100.png?webp=close&avif=close","","https://s.alicdn.com/@u/mobile/g/common/flags/1.0.0/assets/cn.png","https://s.alicdn.com/@sc01/kf/H62868c75e7eb4fbba8f8eb600d749c2aR.png","https://s.alicdn.com/@img/imgextra/i3/O1CN01Bv2erf1UtOvnQdp1D_!!6000000002575-55-tps-12-10.svg","https://s.alicdn.com/@img/imgextra/i1/O1CN01AKovar1kB0OVaoU0M_!!6000000004644-2-tps-34-33.png","","","https://s.alicdn.com/@sc01/kf/He15f3630b6674cb697c45c43f49fc3752.png","https://s.alicdn.com/@img/imgextra/i1/O1CN01skevju1mJMrEIZqWk_!!6000000004933-55-tps-21-21.svg","https://s.alicdn.com/@img/imgextra/i1/O1CN01skevju1mJMrEIZqWk_!!6000000004933-55-tps-21-21.svg","https://s.alicdn.com/@img/imgextra/i1/O1CN01AKovar1kB0OVaoU0M_!!6000000004644-2-tps-34-33.png","https://s.alicdn.com/@img/imgextra/i2/O1CN01pZsS7S1RAZFleCw0N_!!6000000002071-2-tps-33-34.png"
"1773592474-14","https://www.alibaba.com/search/page?spm=a2700.product_home_fy25.home_login_first_screen_fy23_pc_search_bar.associationItem_pos_0&SearchScene=proSearch&SearchText=kids+toys+hot+selling&pro=true&from=pcHomeContent","Hot Selling Soft Fashionable Comfortable Cartoon Claw Machine Doll 8 Inch Plush Toys Kid Gift Customized Decoration Kid Gift","Hebei Xiongan Honeycat Trading Co., Ltd.","1 yr","Min. order: 20 pieces","$0.98","","Hot","Selling","Toys","Kid","Kid","5.0","5.0/5.0","(6)","","Matches all 2/2 requirements","Chat now","","","","Easy Return","","","","","CN","","https://s.alicdn.com/@sc04/kf/H2a145d0b94e14e6f8304f3591cd31391K.jpg_300x300.jpg","","","https://s.alicdn.com/@img/imgextra/i1/O1CN01H0fqnK1Gpp8Bpra4W_!!6000000000672-55-tps-20-21.svg","","","","https://s.alicdn.com/@img/imgextra/i4/O1CN01QUhXLX1lDaB0DYt9b_!!6000000004785-2-tps-34-34.png","https://s.alicdn.com/@u/mobile/g/common/flags/1.0.0/assets/cn.png","","https://s.alicdn.com/@img/imgextra/i3/O1CN01Bv2erf1UtOvnQdp1D_!!6000000002575-55-tps-12-10.svg","","https://s.alicdn.com/@img/imgextra/i3/O1CN01Bv2erf1UtOvnQdp1D_!!6000000002575-55-tps-12-10.svg","","","https://s.alicdn.com/@img/imgextra/i1/O1CN01skevju1mJMrEIZqWk_!!6000000004933-55-tps-21-21.svg","https://s.alicdn.com/@img/imgextra/i1/O1CN01skevju1mJMrEIZqWk_!!6000000004933-55-tps-21-21.svg","",""
"1773592474-15","https://www.alibaba.com/search/page?spm=a2700.product_home_fy25.home_login_first_screen_fy23_pc_search_bar.associationItem_pos_0&SearchScene=proSearch&SearchText=kids+toys+hot+selling&pro=true&from=pcHomeContent","Best Selling Children's Wooden Jigsaw Blocks Dinosaur Animals Fruit 3D Puzzles for Kids Baby Educational Toys Fidget Toys Set","Xiamen Maiende Import And Export Co., Ltd.","4 yrs","Min. order: 3 sets","$0.99-1.30","200 sold","Selling","Kids","Toys","Toys","","5.0","5.0/5.0","(2)","","Matches all 2/2 requirements","Chat now","","","","Easy Return","","","","","CN","","https://s.alicdn.com/@sc04/kf/Hebedcf15f41d416f857066bd2ca30594P.jpg_300x300.jpg","","","https://s.alicdn.com/@img/imgextra/i1/O1CN01H0fqnK1Gpp8Bpra4W_!!6000000000672-55-tps-20-21.svg","","","","https://s.alicdn.com/@img/imgextra/i4/O1CN01QUhXLX1lDaB0DYt9b_!!6000000004785-2-tps-34-34.png","https://s.alicdn.com/@u/mobile/g/common/flags/1.0.0/assets/cn.png","","https://s.alicdn.com/@img/imgextra/i2/O1CN01lUQbI41ymTPgE2qXM_!!6000000006621-55-tps-12-10.svg","","","","","https://s.alicdn.com/@img/imgextra/i1/O1CN01skevju1mJMrEIZqWk_!!6000000004933-55-tps-21-21.svg","https://s.alicdn.com/@img/imgextra/i1/O1CN01skevju1mJMrEIZqWk_!!6000000004933-55-tps-21-21.svg","",""
"1773592474-16","https://www.alibaba.com/search/page?spm=a2700.product_home_fy25.home_login_first_screen_fy23_pc_search_bar.associationItem_pos_0&SearchScene=proSearch&SearchText=kids+toys+hot+selling&pro=true&from=pcHomeContent","Hot Sale Silicone Baby Car Toys Non-toxic Silicone Stacking Toys for Kids","Shenzhen Wo Silicone Tech Co., Ltd.","12 yrs","Min. order: 100 sets","$2.51-2.99","","Hot","Toys","Toys","Kids","","4.0","4.0/5.0","(12)","","Matches all 2/2 requirements","Chat now","","","","Easy Return","certified","","","","CN","","https://s.alicdn.com/@sc04/kf/H3def7abb20594e11994e9a2bdd1b4956U.jpg_300x300.jpg","","","https://s.alicdn.com/@img/imgextra/i1/O1CN01H0fqnK1Gpp8Bpra4W_!!6000000000672-55-tps-20-21.svg","https://s.alicdn.com/@img/imgextra/i4/O1CN01ZQqlCv1icMsN1gizu_!!6000000004433-2-tps-172-64.png?webp=close&avif=close","https://s.alicdn.com/@sc04/kf/Hdbbb6a106e8d4515be692063768d8fd4J.png_100x100.png?webp=close&avif=close","https://s.alicdn.com/@sc04/kf/H1603a777e41b4b4eb3cba19c631cff6cX.png_100x100.png?webp=close&avif=close","https://s.alicdn.com/@img/imgextra/i4/O1CN01QUhXLX1lDaB0DYt9b_!!6000000004785-2-tps-34-34.png","https://s.alicdn.com/@u/mobile/g/common/flags/1.0.0/assets/cn.png","https://s.alicdn.com/@sc01/kf/H62868c75e7eb4fbba8f8eb600d749c2aR.png","https://s.alicdn.com/@img/imgextra/i3/O1CN01Bv2erf1UtOvnQdp1D_!!6000000002575-55-tps-12-10.svg","","https://s.alicdn.com/@img/imgextra/i3/O1CN01Bv2erf1UtOvnQdp1D_!!6000000002575-55-tps-12-10.svg","https://s.alicdn.com/@img/imgextra/i3/O1CN01Bv2erf1UtOvnQdp1D_!!6000000002575-55-tps-12-10.svg","","https://s.alicdn.com/@img/imgextra/i1/O1CN01skevju1mJMrEIZqWk_!!6000000004933-55-tps-21-21.svg","https://s.alicdn.com/@img/imgextra/i1/O1CN01skevju1mJMrEIZqWk_!!6000000004933-55-tps-21-21.svg","",""
"1773592474-17","https://www.alibaba.com/search/page?spm=a2700.product_home_fy25.home_login_first_screen_fy23_pc_search_bar.associationItem_pos_0&SearchScene=proSearch&SearchText=kids+toys+hot+selling&pro=true&from=pcHomeContent","Hot New Flying RC Ball Aircraft Helicopter Led Flashing Light up Toy Induction Toy Electric Toy Drone for Kids Children","Henan Yun Hao Import And Export Co., Ltd.","1 yr","Min. order: 60 pieces","$1.20","","Hot","Toy","Toy","Toy","Kids","4.9","4.9/5.0","(6)","$20 off shipping","Matches all 2/2 requirements","Chat now","Add to cart","","","","","$20 off shipping","Lowest among similar","Delivery by Apr 13","CN","","https://s.alicdn.com/@sc04/kf/H5dfe57b689184d5d861e949df1dc8dbdk.jpg_300x300.jpg","","","https://s.alicdn.com/@img/imgextra/i1/O1CN01H0fqnK1Gpp8Bpra4W_!!6000000000672-55-tps-20-21.svg","","","","","https://s.alicdn.com/@u/mobile/g/common/flags/1.0.0/assets/cn.png","","https://s.alicdn.com/@img/imgextra/i3/O1CN01Bv2erf1UtOvnQdp1D_!!6000000002575-55-tps-12-10.svg","https://s.alicdn.com/@img/imgextra/i1/O1CN01AKovar1kB0OVaoU0M_!!6000000004644-2-tps-34-33.png","","","https://s.alicdn.com/@sc01/kf/He15f3630b6674cb697c45c43f49fc3752.png","https://s.alicdn.com/@img/imgextra/i1/O1CN01skevju1mJMrEIZqWk_!!6000000004933-55-tps-21-21.svg","https://s.alicdn.com/@img/imgextra/i1/O1CN01skevju1mJMrEIZqWk_!!6000000004933-55-tps-21-21.svg","https://s.alicdn.com/@img/imgextra/i1/O1CN01AKovar1kB0OVaoU0M_!!6000000004644-2-tps-34-33.png","https://s.alicdn.com/@img/imgextra/i2/O1CN01pZsS7S1RAZFleCw0N_!!6000000002071-2-tps-33-34.png"
"1773592474-18","https://www.alibaba.com/search/page?spm=a2700.product_home_fy25.home_login_first_screen_fy23_pc_search_bar.associationItem_pos_0&SearchScene=proSearch&SearchText=kids+toys+hot+selling&pro=true&from=pcHomeContent","Hot Selling Cartoon Cute Pink Sleeping Strawberry Bear Plush Toy Lying Down Sofa Pillow Lotsoed Doll Birthday Gift for Girls","Wuhan Hui Li Technology Co., Ltd.","3 yrs","Min. order: 10 pieces","$1.50-13","695 sold","Hot","Selling","Toy","","","4.7","4.7/5.0","(51)","","Matches all 2/2 requirements","Chat now","","","","Easy Return","","","","","CN","","https://s.alicdn.com/@sc04/kf/H454b990840ae4f7488e12a815c8ef691g.jpg_300x300.jpg","","","https://s.alicdn.com/@img/imgextra/i1/O1CN01H0fqnK1Gpp8Bpra4W_!!6000000000672-55-tps-20-21.svg","","","","https://s.alicdn.com/@img/imgextra/i4/O1CN01QUhXLX1lDaB0DYt9b_!!6000000004785-2-tps-34-34.png","https://s.alicdn.com/@u/mobile/g/common/flags/1.0.0/assets/cn.png","","https://s.alicdn.com/@img/imgextra/i3/O1CN01Bv2erf1UtOvnQdp1D_!!6000000002575-55-tps-12-10.svg","","","","","https://s.alicdn.com/@img/imgextra/i1/O1CN01skevju1mJMrEIZqWk_!!6000000004933-55-tps-21-21.svg","https://s.alicdn.com/@img/imgextra/i1/O1CN01skevju1mJMrEIZqWk_!!6000000004933-55-tps-21-21.svg","",""
"1773592474-19","https://www.alibaba.com/search/page?spm=a2700.product_home_fy25.home_login_first_screen_fy23_pc_search_bar.associationItem_pos_0&SearchScene=proSearch&SearchText=kids+toys+hot+selling&pro=true&from=pcHomeContent","Hot Selling Toy Children's Electric Car with Good Quality and Cheap Price Ride on Toy Car","Guangzhou Aoyu Trading Firm (Sole Proprietorship)","1 yr","Min. order: 1 piece","$85","2 sold","Hot","Selling","Toy","Toy","","4.9","4.9/5.0","(18)","","Matches all 2/2 requirements","Chat now","","","","Easy Return","","","","","CN","","https://s.alicdn.com/@sc04/kf/H53844652de364719a2a0bd7b0878a455e.jpg_300x300.jpg","","","https://s.alicdn.com/@img/imgextra/i1/O1CN01H0fqnK1Gpp8Bpra4W_!!6000000000672-55-tps-20-21.svg","","","","https://s.alicdn.com/@img/imgextra/i4/O1CN01QUhXLX1lDaB0DYt9b_!!6000000004785-2-tps-34-34.png","https://s.alicdn.com/@u/mobile/g/common/flags/1.0.0/assets/cn.png","","https://s.alicdn.com/@img/imgextra/i2/O1CN01lUQbI41ymTPgE2qXM_!!6000000006621-55-tps-12-10.svg","","","","","https://s.alicdn.com/@img/imgextra/i1/O1CN01skevju1mJMrEIZqWk_!!6000000004933-55-tps-21-21.svg","https://s.alicdn.com/@img/imgextra/i1/O1CN01skevju1mJMrEIZqWk_!!6000000004933-55-tps-21-21.svg","",""
"1773592474-20","https://www.alibaba.com/search/page?spm=a2700.product_home_fy25.home_login_first_screen_fy23_pc_search_bar.associationItem_pos_0&SearchScene=proSearch&SearchText=kids+toys+hot+selling&pro=true&from=pcHomeContent","New Hot Selling Squidward TentaclesPlush Toy Creative Transformable Plush Octopus Doll Wholesale From Factory","Wuhan You Hao Technology Co., Ltd.","4 yrs","Min. order: 10 pieces","$2.98-3.17","","Hot","Selling","Toy","","","4.8","4.8/5.0","(19)","","Matches all 2/2 requirements","Chat now","","","","Easy Return","","","","","CN","","https://s.alicdn.com/@sc04/kf/Hc07ff82f52e249bbbd65acb2cd9ed0d1R.jpg_300x300.jpg","","","https://s.alicdn.com/@img/imgextra/i1/O1CN01H0fqnK1Gpp8Bpra4W_!!6000000000672-55-tps-20-21.svg","","","","https://s.alicdn.com/@img/imgextra/i4/O1CN01QUhXLX1lDaB0DYt9b_!!6000000004785-2-tps-34-34.png","https://s.alicdn.com/@u/mobile/g/common/flags/1.0.0/assets/cn.png","","https://s.alicdn.com/@img/imgextra/i3/O1CN01Bv2erf1UtOvnQdp1D_!!6000000002575-55-tps-12-10.svg","","","","","https://s.alicdn.com/@img/imgextra/i1/O1CN01skevju1mJMrEIZqWk_!!6000000004933-55-tps-21-21.svg","https://s.alicdn.com/@img/imgextra/i1/O1CN01skevju1mJMrEIZqWk_!!6000000004933-55-tps-21-21.svg","",""
"1773592474-21","https://www.alibaba.com/search/page?spm=a2700.product_home_fy25.home_login_first_screen_fy23_pc_search_bar.associationItem_pos_0&SearchScene=proSearch&SearchText=kids+toys+hot+selling&pro=true&from=pcHomeContent","Hot Selling Products Brick Set for Kids Colorful Supercar Building Blocks Model for Girls Building Block Sets Car","Hangzhou Jinhehuan Technology Co., Ltd.","3 yrs","Min. order: 1 set","$5.99","4 sold","Hot","Selling","Kids","","","4.7","4.7/5.0","(185)","FREE shipping","Matches all 2/2 requirements","Chat now","Add to cart","","","","certified","FREE shipping","Lowest among similar","5-day dispatch","CN","","https://s.alicdn.com/@sc04/kf/Hf972813b6cb34668aa8bfdf90ab72627l.jpg_300x300.jpg","","","https://s.alicdn.com/@img/imgextra/i1/O1CN01H0fqnK1Gpp8Bpra4W_!!6000000000672-55-tps-20-21.svg","https://s.alicdn.com/@img/imgextra/i1/O1CN01Qlzniu1tBJAdJ8zsY_!!6000000005863-2-tps-283-45.png?webp=close&avif=close","https://s.alicdn.com/@sc04/kf/Hb0e2a0d1a2d44e0ba2491f8e2f92eeedS.png_100x100.png?webp=close&avif=close","https://s.alicdn.com/@sc04/kf/Hdbbb6a106e8d4515be692063768d8fd4J.png_100x100.png?webp=close&avif=close","","https://s.alicdn.com/@u/mobile/g/common/flags/1.0.0/assets/cn.png","","https://s.alicdn.com/@img/imgextra/i3/O1CN01Bv2erf1UtOvnQdp1D_!!6000000002575-55-tps-12-10.svg","https://s.alicdn.com/@img/imgextra/i1/O1CN01AKovar1kB0OVaoU0M_!!6000000004644-2-tps-34-33.png","","","https://s.alicdn.com/@sc01/kf/He15f3630b6674cb697c45c43f49fc3752.png","https://s.alicdn.com/@img/imgextra/i1/O1CN01skevju1mJMrEIZqWk_!!6000000004933-55-tps-21-21.svg","https://s.alicdn.com/@img/imgextra/i1/O1CN01skevju1mJMrEIZqWk_!!6000000004933-55-tps-21-21.svg","https://s.alicdn.com/@img/imgextra/i1/O1CN01AKovar1kB0OVaoU0M_!!6000000004644-2-tps-34-33.png","https://s.alicdn.com/@img/imgextra/i2/O1CN01pZsS7S1RAZFleCw0N_!!6000000002071-2-tps-33-34.png"
"1773592474-22","https://www.alibaba.com/search/page?spm=a2700.product_home_fy25.home_login_first_screen_fy23_pc_search_bar.associationItem_pos_0&SearchScene=proSearch&SearchText=kids+toys+hot+selling&pro=true&from=pcHomeContent","Hot Selling Factory New High Quality Low Price 2-5 Years Old Children High-End Tricycle Outdoor Walking Baby Pedal Bicycle","Pingxiang County Nuohui Children's Toy Factory","1 yr","Min. order: 6 pieces","$8-8.50","","Hot","Selling","","","","","","","","Matches all 2/2 requirements","Chat now","","","","Easy Return","","","","","CN","","https://s.alicdn.com/@sc04/kf/H6a2f42db50c740469cfca02475d18bed6.jpg_300x300.jpg","","","https://s.alicdn.com/@img/imgextra/i1/O1CN01H0fqnK1Gpp8Bpra4W_!!6000000000672-55-tps-20-21.svg","","","","https://s.alicdn.com/@img/imgextra/i4/O1CN01QUhXLX1lDaB0DYt9b_!!6000000004785-2-tps-34-34.png","https://s.alicdn.com/@u/mobile/g/common/flags/1.0.0/assets/cn.png","","https://s.alicdn.com/@img/imgextra/i2/O1CN01lUQbI41ymTPgE2qXM_!!6000000006621-55-tps-12-10.svg","","","","","https://s.alicdn.com/@img/imgextra/i1/O1CN01skevju1mJMrEIZqWk_!!6000000004933-55-tps-21-21.svg","https://s.alicdn.com/@img/imgextra/i1/O1CN01skevju1mJMrEIZqWk_!!6000000004933-55-tps-21-21.svg","",""
"1773592474-23","https://www.alibaba.com/search/page?spm=a2700.product_home_fy25.home_login_first_screen_fy23_pc_search_bar.associationItem_pos_0&SearchScene=proSearch&SearchText=kids+toys+hot+selling&pro=true&from=pcHomeContent","Wholesale TikTok Hot Selling Children's Wearable Large Size Handmade Play Tyrannosaurus Rex Dinosaur DIY Toys","ShenZhen YiMao Color Art Printing Co., Ltd.","1 yr","Min. order: 1000 units","$3","","Hot","Selling","Toys","","","","","","","Matches all 2/2 requirements","Chat now","","","","Easy Return","","","","","CN","","https://s.alicdn.com/@sc04/kf/H1fd1f514859c4f30bd6810bf754d6e0bf.png_300x300.png","","","https://s.alicdn.com/@img/imgextra/i1/O1CN01H0fqnK1Gpp8Bpra4W_!!6000000000672-55-tps-20-21.svg","","","","https://s.alicdn.com/@img/imgextra/i4/O1CN01QUhXLX1lDaB0DYt9b_!!6000000004785-2-tps-34-34.png","https://s.alicdn.com/@u/mobile/g/common/flags/1.0.0/assets/cn.png","","https://s.alicdn.com/@img/imgextra/i2/O1CN01lUQbI41ymTPgE2qXM_!!6000000006621-55-tps-12-10.svg","","","","","https://s.alicdn.com/@img/imgextra/i1/O1CN01skevju1mJMrEIZqWk_!!6000000004933-55-tps-21-21.svg","https://s.alicdn.com/@img/imgextra/i1/O1CN01skevju1mJMrEIZqWk_!!6000000004933-55-tps-21-21.svg","",""
"1773592474-24","https://www.alibaba.com/search/page?spm=a2700.product_home_fy25.home_login_first_screen_fy23_pc_search_bar.associationItem_pos_0&SearchScene=proSearch&SearchText=kids+toys+hot+selling&pro=true&from=pcHomeContent","High-Quality Interactive Dancing Brown monkey Plush - Soft & Safe Electric Stuffed Toy for Kids 3+ & Gift Market","Dongguan Yuhong Electronic Technology Co., Ltd.","3 yrs","Min. order: 1000 pieces","$6.98-7.38","","Toy","Kids","","","","5.0","5.0/5.0","(4)","","Matches all 2/2 requirements","Chat now","","","","","certified","","","","CN","","https://s.alicdn.com/@sc04/kf/Hc6af0188ef6f48e7a2ccac656a328deb8.png_300x300.png","https://s.alicdn.com/@sc04/kf/H1603a777e41b4b4eb3cba19c631cff6cX.png_100x100.png?webp=close&avif=close","","https://s.alicdn.com/@img/imgextra/i1/O1CN01H0fqnK1Gpp8Bpra4W_!!6000000000672-55-tps-20-21.svg","https://s.alicdn.com/@img/imgextra/i4/O1CN01ZQqlCv1icMsN1gizu_!!6000000004433-2-tps-172-64.png?webp=close&avif=close","https://s.alicdn.com/@sc04/kf/Hb0e2a0d1a2d44e0ba2491f8e2f92eeedS.png_100x100.png?webp=close&avif=close","https://s.alicdn.com/@sc04/kf/Hdbbb6a106e8d4515be692063768d8fd4J.png_100x100.png?webp=close&avif=close","","https://s.alicdn.com/@u/mobile/g/common/flags/1.0.0/assets/cn.png","https://s.alicdn.com/@sc01/kf/H62868c75e7eb4fbba8f8eb600d749c2aR.png","https://s.alicdn.com/@img/imgextra/i2/O1CN01lUQbI41ymTPgE2qXM_!!6000000006621-55-tps-12-10.svg","","","","","https://s.alicdn.com/@img/imgextra/i1/O1CN01skevju1mJMrEIZqWk_!!6000000004933-55-tps-21-21.svg","https://s.alicdn.com/@img/imgextra/i1/O1CN01skevju1mJMrEIZqWk_!!6000000004933-55-tps-21-21.svg","",""
"1773592474-25","https://www.alibaba.com/search/page?spm=a2700.product_home_fy25.home_login_first_screen_fy23_pc_search_bar.associationItem_pos_0&SearchScene=proSearch&SearchText=kids+toys+hot+selling&pro=true&from=pcHomeContent","Hot Selling Children's Plush Rocking Horse Brown Rocking Horse Outdoor Toy for Children's Birthday Gift","Yangzhou Rainbow Arts & Crafts Co., Ltd.","2 yrs","Min. order: 50 pieces","$17-19","","Hot","Selling","Toy","","","5.0","5.0/5.0","(5)","","Matches all 2/2 requirements","Chat now","","","","Easy Return","","","","","CN","","https://s.alicdn.com/@sc04/kf/Heac3271ecb3e4b4e9690096aa42fd2246.jpg_300x300.jpg","","","https://s.alicdn.com/@img/imgextra/i1/O1CN01H0fqnK1Gpp8Bpra4W_!!6000000000672-55-tps-20-21.svg","","","","https://s.alicdn.com/@img/imgextra/i4/O1CN01QUhXLX1lDaB0DYt9b_!!6000000004785-2-tps-34-34.png","https://s.alicdn.com/@u/mobile/g/common/flags/1.0.0/assets/cn.png","","https://s.alicdn.com/@img/imgextra/i2/O1CN01lUQbI41ymTPgE2qXM_!!6000000006621-55-tps-12-10.svg","","","","","https://s.alicdn.com/@img/imgextra/i1/O1CN01skevju1mJMrEIZqWk_!!6000000004933-55-tps-21-21.svg","https://s.alicdn.com/@img/imgextra/i1/O1CN01skevju1mJMrEIZqWk_!!6000000004933-55-tps-21-21.svg","",""
"1773592474-26","https://www.alibaba.com/search/page?spm=a2700.product_home_fy25.home_login_first_screen_fy23_pc_search_bar.associationItem_pos_0&SearchScene=proSearch&SearchText=kids+toys+hot+selling&pro=true&from=pcHomeContent","2025 New Product Luminous Music Stick Kids Light up Toy Colorful Glow Rotating Stick Toy","Yiwu Changhong Trading Co., Ltd.","4 yrs","Min. order: 50 pieces","","","Kids","Toy","Toy","","","4.6","4.6/5.0","(33)","$20 off shipping","Matches all 2/2 requirements","Chat now","Add to cart","$0.55","15% off","","","$20 off shipping","Lower priced than similar","Delivery by Apr 08","CN","","https://s.alicdn.com/@sc04/kf/H4b4e2547a58f4a42b725c99e7a245dedc.jpg_300x300.jpg","","","https://s.alicdn.com/@img/imgextra/i1/O1CN01H0fqnK1Gpp8Bpra4W_!!6000000000672-55-tps-20-21.svg","","","","","https://s.alicdn.com/@u/mobile/g/common/flags/1.0.0/assets/cn.png","","https://s.alicdn.com/@img/imgextra/i3/O1CN01Bv2erf1UtOvnQdp1D_!!6000000002575-55-tps-12-10.svg","https://s.alicdn.com/@img/imgextra/i1/O1CN01AKovar1kB0OVaoU0M_!!6000000004644-2-tps-34-33.png","","","https://s.alicdn.com/@sc01/kf/He15f3630b6674cb697c45c43f49fc3752.png","https://s.alicdn.com/@img/imgextra/i1/O1CN01skevju1mJMrEIZqWk_!!6000000004933-55-tps-21-21.svg","https://s.alicdn.com/@img/imgextra/i1/O1CN01skevju1mJMrEIZqWk_!!6000000004933-55-tps-21-21.svg","https://s.alicdn.com/@img/imgextra/i1/O1CN01AKovar1kB0OVaoU0M_!!6000000004644-2-tps-34-33.png","https://s.alicdn.com/@img/imgextra/i2/O1CN01pZsS7S1RAZFleCw0N_!!6000000002071-2-tps-33-34.png"
"1773592474-27","https://www.alibaba.com/search/page?spm=a2700.product_home_fy25.home_login_first_screen_fy23_pc_search_bar.associationItem_pos_0&SearchScene=proSearch&SearchText=kids+toys+hot+selling&pro=true&from=pcHomeContent","Hot Sale Kids Silicone Toy Sets Children's Silicone Stress Toys","Fuyang Jiarun Sports Goods Co., Ltd","2 yrs","Min. order: 2 pieces","$0.97","","Hot","Kids","Toy","Toys","","4.3","4.3/5.0","(91)","FREE shipping","Matches all 2/2 requirements","Chat now","Add to cart","","","","","FREE shipping","Lower priced than similar","5-day dispatch","CN","","https://s.alicdn.com/@sc04/kf/H2e786e1a051143169205db5098ae8affp.jpg_300x300.jpg","","","https://s.alicdn.com/@img/imgextra/i1/O1CN01H0fqnK1Gpp8Bpra4W_!!6000000000672-55-tps-20-21.svg","","","","","https://s.alicdn.com/@u/mobile/g/common/flags/1.0.0/assets/cn.png","","https://s.alicdn.com/@img/imgextra/i3/O1CN01Bv2erf1UtOvnQdp1D_!!6000000002575-55-tps-12-10.svg","https://s.alicdn.com/@img/imgextra/i1/O1CN01AKovar1kB0OVaoU0M_!!6000000004644-2-tps-34-33.png","","","https://s.alicdn.com/@sc01/kf/He15f3630b6674cb697c45c43f49fc3752.png","https://s.alicdn.com/@img/imgextra/i1/O1CN01skevju1mJMrEIZqWk_!!6000000004933-55-tps-21-21.svg","https://s.alicdn.com/@img/imgextra/i1/O1CN01skevju1mJMrEIZqWk_!!6000000004933-55-tps-21-21.svg","https://s.alicdn.com/@img/imgextra/i1/O1CN01AKovar1kB0OVaoU0M_!!6000000004644-2-tps-34-33.png","https://s.alicdn.com/@img/imgextra/i2/O1CN01pZsS7S1RAZFleCw0N_!!6000000002071-2-tps-33-34.png"
"1773592474-28","https://www.alibaba.com/search/page?spm=a2700.product_home_fy25.home_login_first_screen_fy23_pc_search_bar.associationItem_pos_0&SearchScene=proSearch&SearchText=kids+toys+hot+selling&pro=true&from=pcHomeContent","Factory Wholesale Mix 8"" 9"" 10"" 12"" 15"" 20"" Crane Machine Plush Toy Prize Vending Claw Machine Plushie Toy Stuffed Animal Toys","Hebei Xiongan Honeycat Trading Co., Ltd.","1 yr","Min. order: 20 pieces","$0.58-3.50","16,703 sold","Toy","Toy","Toys","","","5.0","5.0/5.0","(6)","","Matches all 2/2 requirements","Chat now","","","","Easy Return","","","","","CN","Ad","https://s.alicdn.com/@sc04/kf/Hef4e53c607ba4940aa03864ba859798fq.jpg_300x300.jpg","","","https://s.alicdn.com/@img/imgextra/i1/O1CN01H0fqnK1Gpp8Bpra4W_!!6000000000672-55-tps-20-21.svg","","","","https://s.alicdn.com/@img/imgextra/i4/O1CN01QUhXLX1lDaB0DYt9b_!!6000000004785-2-tps-34-34.png","https://s.alicdn.com/@u/mobile/g/common/flags/1.0.0/assets/cn.png","","https://s.alicdn.com/@img/imgextra/i3/O1CN01Bv2erf1UtOvnQdp1D_!!6000000002575-55-tps-12-10.svg","","https://s.alicdn.com/@img/imgextra/i3/O1CN01Bv2erf1UtOvnQdp1D_!!6000000002575-55-tps-12-10.svg","","","https://s.alicdn.com/@img/imgextra/i1/O1CN01skevju1mJMrEIZqWk_!!6000000004933-55-tps-21-21.svg","https://s.alicdn.com/@img/imgextra/i1/O1CN01skevju1mJMrEIZqWk_!!6000000004933-55-tps-21-21.svg","",""
"1773592474-29","https://www.alibaba.com/search/page?spm=a2700.product_home_fy25.home_login_first_screen_fy23_pc_search_bar.associationItem_pos_0&SearchScene=proSearch&SearchText=kids+toys+hot+selling&pro=true&from=pcHomeContent","Factory Promotion 4-7-8-10-12-15 Inches Crane Machine Plushie Toy Claw Machine Doll Stuffed Animal Plush Toy for Kid","Handan Kulomi E-commerce Co., Ltd.","1 yr","Min. order: 20 pieces","$0.58-3.50","8,576 sold","Toy","Toy","Kid","","","5.0","5.0/5.0","(7)","","Matches all 2/2 requirements","Chat now","","","","Easy Return","","","","","CN","","https://s.alicdn.com/@sc04/kf/H01921fd4b0804677bb2584b0210cc1abe.jpg_300x300.jpg","","","https://s.alicdn.com/@img/imgextra/i1/O1CN01H0fqnK1Gpp8Bpra4W_!!6000000000672-55-tps-20-21.svg","","","","https://s.alicdn.com/@img/imgextra/i4/O1CN01QUhXLX1lDaB0DYt9b_!!6000000004785-2-tps-34-34.png","https://s.alicdn.com/@u/mobile/g/common/flags/1.0.0/assets/cn.png","","https://s.alicdn.com/@img/imgextra/i3/O1CN01Bv2erf1UtOvnQdp1D_!!6000000002575-55-tps-12-10.svg","","https://s.alicdn.com/@img/imgextra/i3/O1CN01Bv2erf1UtOvnQdp1D_!!6000000002575-55-tps-12-10.svg","","","https://s.alicdn.com/@img/imgextra/i1/O1CN01skevju1mJMrEIZqWk_!!6000000004933-55-tps-21-21.svg","https://s.alicdn.com/@img/imgextra/i1/O1CN01skevju1mJMrEIZqWk_!!6000000004933-55-tps-21-21.svg","",""
"1773592474-30","https://www.alibaba.com/search/page?spm=a2700.product_home_fy25.home_login_first_screen_fy23_pc_search_bar.associationItem_pos_0&SearchScene=proSearch&SearchText=kids+toys+hot+selling&pro=true&from=pcHomeContent","Electric Automatic Pistola De Burbujas Blower Rocket Boom Bubble Gun, Colorful Rich 32 Hole Bazooka Bubble Machine","SHANTOU BHX TECHNOLOGY CO., LTD.","10 yrs","Min. order: 240 pieces","$1.27-1.57","4 sold","","","","","","4.9","4.9/5.0","(35)","","Matches all 2/2 requirements","Chat now","","","","","certified","","","","CN","Ad","https://s.alicdn.com/@sc04/kf/H57c8e3aeb12c4797bb4cd3181a53cf1dr.jpg_300x300.jpg","","","https://s.alicdn.com/@img/imgextra/i1/O1CN01H0fqnK1Gpp8Bpra4W_!!6000000000672-55-tps-20-21.svg","https://s.alicdn.com/@img/imgextra/i4/O1CN01ZQqlCv1icMsN1gizu_!!6000000004433-2-tps-172-64.png?webp=close&avif=close","https://s.alicdn.com/@sc04/kf/Hdbbb6a106e8d4515be692063768d8fd4J.png_100x100.png?webp=close&avif=close","","","https://s.alicdn.com/@u/mobile/g/common/flags/1.0.0/assets/cn.png","https://s.alicdn.com/@sc01/kf/H62868c75e7eb4fbba8f8eb600d749c2aR.png","https://s.alicdn.com/@img/imgextra/i3/O1CN01Bv2erf1UtOvnQdp1D_!!6000000002575-55-tps-12-10.svg","","https://s.alicdn.com/@img/imgextra/i3/O1CN01Bv2erf1UtOvnQdp1D_!!6000000002575-55-tps-12-10.svg","https://s.alicdn.com/@img/imgextra/i3/O1CN01Bv2erf1UtOvnQdp1D_!!6000000002575-55-tps-12-10.svg","","https://s.alicdn.com/@img/imgextra/i1/O1CN01skevju1mJMrEIZqWk_!!6000000004933-55-tps-21-21.svg","https://s.alicdn.com/@img/imgextra/i1/O1CN01skevju1mJMrEIZqWk_!!6000000004933-55-tps-21-21.svg","",""
"1773592474-31","https://www.alibaba.com/search/page?spm=a2700.product_home_fy25.home_login_first_screen_fy23_pc_search_bar.associationItem_pos_0&SearchScene=proSearch&SearchText=kids+toys+hot+selling&pro=true&from=pcHomeContent","Hot Selling Children Early Educational Wooden Musical Instrument Toys 5 & 7 Pcs Juguetes Music Montessori Toys for Boys Girls","Zhejiang Xinmiao Teaching Aids Co., Ltd.","7 yrs","Min. order: 10 pieces","$4.38-10.61","16 sold","Hot","Selling","Toys","Toys","","4.8","4.8/5.0","(122)","5% off $2,000","Matches all 2/2 requirements","Chat now","","","","","certified","5% off $2,000","Easy Return","","CN","","https://s.alicdn.com/@sc04/kf/Ha063bc8d312541518997a8314e3bc1b0r.jpg_300x300.jpg","","","https://s.alicdn.com/@img/imgextra/i1/O1CN01H0fqnK1Gpp8Bpra4W_!!6000000000672-55-tps-20-21.svg","https://s.alicdn.com/@img/imgextra/i4/O1CN01ZQqlCv1icMsN1gizu_!!6000000004433-2-tps-172-64.png?webp=close&avif=close","https://s.alicdn.com/@sc04/kf/Hb0e2a0d1a2d44e0ba2491f8e2f92eeedS.png_100x100.png?webp=close&avif=close","https://s.alicdn.com/@sc04/kf/Hdbbb6a106e8d4515be692063768d8fd4J.png_100x100.png?webp=close&avif=close","","https://s.alicdn.com/@u/mobile/g/common/flags/1.0.0/assets/cn.png","https://s.alicdn.com/@sc01/kf/H62868c75e7eb4fbba8f8eb600d749c2aR.png","https://s.alicdn.com/@img/imgextra/i3/O1CN01Bv2erf1UtOvnQdp1D_!!6000000002575-55-tps-12-10.svg","https://s.alicdn.com/@img/imgextra/i3/O1CN01mhQx6j25bfQson9wW_!!6000000007545-2-tps-56-56.png","https://s.alicdn.com/@img/imgextra/i3/O1CN01Bv2erf1UtOvnQdp1D_!!6000000002575-55-tps-12-10.svg","","https://s.alicdn.com/@img/imgextra/i4/O1CN01QUhXLX1lDaB0DYt9b_!!6000000004785-2-tps-34-34.png","https://s.alicdn.com/@img/imgextra/i1/O1CN01skevju1mJMrEIZqWk_!!6000000004933-55-tps-21-21.svg","https://s.alicdn.com/@img/imgextra/i1/O1CN01skevju1mJMrEIZqWk_!!6000000004933-55-tps-21-21.svg","https://s.alicdn.com/@img/imgextra/i3/O1CN01mhQx6j25bfQson9wW_!!6000000007545-2-tps-56-56.png",""
"1773592474-32","https://www.alibaba.com/search/page?spm=a2700.product_home_fy25.home_login_first_screen_fy23_pc_search_bar.associationItem_pos_0&SearchScene=proSearch&SearchText=kids+toys+hot+selling&pro=true&from=pcHomeContent","Hot Sale Custom With Logo Low Price and Low MOQ Promotional Gift and Shape Mini RubberDuck Wholesale Kid Toys Sound Expression","Haikou Yitong Toys Co., Ltd.","2 yrs","Min. order: 500 pieces","$0.07-0.18","45,250 sold","Hot","Kid","Toys","","","5.0","5.0/5.0","(26)","","Matches all 2/2 requirements","Chat now","","","","Easy Return","certified","","","","CN","Ad","https://s.alicdn.com/@sc04/kf/H35eee0a54de8405298d969c526dc06a2m.jpg_300x300.jpg","","","https://s.alicdn.com/@img/imgextra/i1/O1CN01H0fqnK1Gpp8Bpra4W_!!6000000000672-55-tps-20-21.svg","https://s.alicdn.com/@sc04/kf/Hb0e2a0d1a2d44e0ba2491f8e2f92eeedS.png_100x100.png?webp=close&avif=close","https://s.alicdn.com/@sc04/kf/Hb0e2a0d1a2d44e0ba2491f8e2f92eeedS.png_100x100.png?webp=close&avif=close","","https://s.alicdn.com/@img/imgextra/i4/O1CN01QUhXLX1lDaB0DYt9b_!!6000000004785-2-tps-34-34.png","https://s.alicdn.com/@u/mobile/g/common/flags/1.0.0/assets/cn.png","","https://s.alicdn.com/@img/imgextra/i3/O1CN01Bv2erf1UtOvnQdp1D_!!6000000002575-55-tps-12-10.svg","","","","","https://s.alicdn.com/@img/imgextra/i1/O1CN01skevju1mJMrEIZqWk_!!6000000004933-55-tps-21-21.svg","https://s.alicdn.com/@img/imgextra/i1/O1CN01skevju1mJMrEIZqWk_!!6000000004933-55-tps-21-21.svg","",""
"1773592474-33","https://www.alibaba.com/search/page?spm=a2700.product_home_fy25.home_login_first_screen_fy23_pc_search_bar.associationItem_pos_0&SearchScene=proSearch&SearchText=kids+toys+hot+selling&pro=true&from=pcHomeContent","Hot Sale 16'' Unicorn Stuffed Animal Plush Toy Colorful Cute Plush Unicorn for Kids","Qingdao Honeyway Artwork Co., Ltd.","6 yrs","Min. order: 500 pieces","$3.70-4.80","","Hot","Toy","Kids","","","","","","","Matches all 2/2 requirements","Chat now","","","","Easy Return","","","","","CN","","https://s.alicdn.com/@sc04/kf/H293087b80b0a44e89cd6114f657adea9z.jpg_300x300.jpg","","","https://s.alicdn.com/@img/imgextra/i1/O1CN01H0fqnK1Gpp8Bpra4W_!!6000000000672-55-tps-20-21.svg","","","","https://s.alicdn.com/@img/imgextra/i4/O1CN01QUhXLX1lDaB0DYt9b_!!6000000004785-2-tps-34-34.png","https://s.alicdn.com/@u/mobile/g/common/flags/1.0.0/assets/cn.png","","https://s.alicdn.com/@img/imgextra/i2/O1CN01lUQbI41ymTPgE2qXM_!!6000000006621-55-tps-12-10.svg","","","","","https://s.alicdn.com/@img/imgextra/i1/O1CN01skevju1mJMrEIZqWk_!!6000000004933-55-tps-21-21.svg","https://s.alicdn.com/@img/imgextra/i1/O1CN01skevju1mJMrEIZqWk_!!6000000004933-55-tps-21-21.svg","",""
"1773592474-34","https://www.alibaba.com/search/page?spm=a2700.product_home_fy25.home_login_first_screen_fy23_pc_search_bar.associationItem_pos_0&SearchScene=proSearch&SearchText=kids+toys+hot+selling&pro=true&from=pcHomeContent","2025 Popular Educational Toys Building Blocks Puzzle 3d Magnetic bar Blocks Children's Magnet Toys","Yongkang Xinxinle Technology Co., Ltd.","2 yrs","Min. order: 50 sets","$1.36-1.61","","Toys","Toys","","","","4.2","4.2/5.0","(6)","","Matches all 2/2 requirements","Chat now","","","","Easy Return","certified","","","","CN","Ad","https://s.alicdn.com/@sc04/kf/H68e4e19dce694d20ba74763964a5dc05q.jpg_300x300.jpg","https://s.alicdn.com/@sc04/kf/H1603a777e41b4b4eb3cba19c631cff6cX.png_100x100.png?webp=close&avif=close","","https://s.alicdn.com/@img/imgextra/i1/O1CN01H0fqnK1Gpp8Bpra4W_!!6000000000672-55-tps-20-21.svg","","https://s.alicdn.com/@sc04/kf/Hb0e2a0d1a2d44e0ba2491f8e2f92eeedS.png_100x100.png?webp=close&avif=close","https://s.alicdn.com/@sc04/kf/Hdbbb6a106e8d4515be692063768d8fd4J.png_100x100.png?webp=close&avif=close","https://s.alicdn.com/@img/imgextra/i4/O1CN01QUhXLX1lDaB0DYt9b_!!6000000004785-2-tps-34-34.png","https://s.alicdn.com/@u/mobile/g/common/flags/1.0.0/assets/cn.png","https://s.alicdn.com/@sc01/kf/H62868c75e7eb4fbba8f8eb600d749c2aR.png","https://s.alicdn.com/@img/imgextra/i2/O1CN01lUQbI41ymTPgE2qXM_!!6000000006621-55-tps-12-10.svg","","","","","https://s.alicdn.com/@img/imgextra/i1/O1CN01skevju1mJMrEIZqWk_!!6000000004933-55-tps-21-21.svg","https://s.alicdn.com/@img/imgextra/i1/O1CN01skevju1mJMrEIZqWk_!!6000000004933-55-tps-21-21.svg","",""
"1773592474-35","https://www.alibaba.com/search/page?spm=a2700.product_home_fy25.home_login_first_screen_fy23_pc_search_bar.associationItem_pos_0&SearchScene=proSearch&SearchText=kids+toys+hot+selling&pro=true&from=pcHomeContent","2025 Year Hot Sell 3D Diy Magnetic Tiles Magnetic Blocks Construction Block Sets","Guangdong Mengbang Trading Co., Ltd.","2 yrs","Min. order: 36 sets","$3.16-3.89","36 sold","Hot","Sell","","","","5.0","5.0/5.0","(10)","","Matches all 2/2 requirements","Chat now","","","","Easy Return","certified","","","","CN","","https://s.alicdn.com/@sc04/kf/Hb0b78cc621a54a28858d67d9d829460e0.jpg_300x300.jpg","","","https://s.alicdn.com/@img/imgextra/i1/O1CN01H0fqnK1Gpp8Bpra4W_!!6000000000672-55-tps-20-21.svg","https://s.alicdn.com/@img/imgextra/i4/O1CN01ZQqlCv1icMsN1gizu_!!6000000004433-2-tps-172-64.png?webp=close&avif=close","https://s.alicdn.com/@sc04/kf/Hdbbb6a106e8d4515be692063768d8fd4J.png_100x100.png?webp=close&avif=close","https://s.alicdn.com/@sc04/kf/H1603a777e41b4b4eb3cba19c631cff6cX.png_100x100.png?webp=close&avif=close","https://s.alicdn.com/@img/imgextra/i4/O1CN01QUhXLX1lDaB0DYt9b_!!6000000004785-2-tps-34-34.png","https://s.alicdn.com/@u/mobile/g/common/flags/1.0.0/assets/cn.png","https://s.alicdn.com/@sc01/kf/H62868c75e7eb4fbba8f8eb600d749c2aR.png","https://s.alicdn.com/@img/imgextra/i3/O1CN01Bv2erf1UtOvnQdp1D_!!6000000002575-55-tps-12-10.svg","","https://s.alicdn.com/@img/imgextra/i3/O1CN01Bv2erf1UtOvnQdp1D_!!6000000002575-55-tps-12-10.svg","","","https://s.alicdn.com/@img/imgextra/i1/O1CN01skevju1mJMrEIZqWk_!!6000000004933-55-tps-21-21.svg","https://s.alicdn.com/@img/imgextra/i1/O1CN01skevju1mJMrEIZqWk_!!6000000004933-55-tps-21-21.svg","",""
"1773592474-36","https://www.alibaba.com/search/page?spm=a2700.product_home_fy25.home_login_first_screen_fy23_pc_search_bar.associationItem_pos_0&SearchScene=proSearch&SearchText=kids+toys+hot+selling&pro=true&from=pcHomeContent","Factory Direct ODM Small Cute Plush Toy Soft Stuffed Animal for Claw Crane Machine Arcade Prize Party Favor Carnival Gift Bulk","Guangdong  Kinqee International Trade Co., Ltd.","1 yr","Min. order: 100 pieces","$0.23-0.78","51 sold","Toy","","","","","5.0","5.0/5.0","(9)","","Matches all 2/2 requirements","Chat now","","","","Easy Return","","","","","CN","Ad","https://s.alicdn.com/@sc04/kf/H2fe71245245a4159ab857d6813d9d307g.jpg_300x300.jpg","","","https://s.alicdn.com/@img/imgextra/i1/O1CN01H0fqnK1Gpp8Bpra4W_!!6000000000672-55-tps-20-21.svg","","","","https://s.alicdn.com/@img/imgextra/i4/O1CN01QUhXLX1lDaB0DYt9b_!!6000000004785-2-tps-34-34.png","https://s.alicdn.com/@u/mobile/g/common/flags/1.0.0/assets/cn.png","https://s.alicdn.com/@sc01/kf/H62868c75e7eb4fbba8f8eb600d749c2aR.png","https://s.alicdn.com/@img/imgextra/i3/O1CN01Bv2erf1UtOvnQdp1D_!!6000000002575-55-tps-12-10.svg","","https://s.alicdn.com/@img/imgextra/i3/O1CN01Bv2erf1UtOvnQdp1D_!!6000000002575-55-tps-12-10.svg","","","https://s.alicdn.com/@img/imgextra/i1/O1CN01skevju1mJMrEIZqWk_!!6000000004933-55-tps-21-21.svg","https://s.alicdn.com/@img/imgextra/i1/O1CN01skevju1mJMrEIZqWk_!!6000000004933-55-tps-21-21.svg","",""
"1773592474-37","https://www.alibaba.com/search/page?spm=a2700.product_home_fy25.home_login_first_screen_fy23_pc_search_bar.associationItem_pos_0&SearchScene=proSearch&SearchText=kids+toys+hot+selling&pro=true&from=pcHomeContent","Hot Sale Stem Toy Outdoor Mini Flying Glider Individually Wrapped Flying Plane Toy Custom Foam Airplane Party Favors for Kids","Amy & Benton Toys And Gifts Co., Ltd.","19 yrs","Min. order: 300 pieces","$0.08-0.29","2,590 sold","Hot","Toy","Toy","Kids","","5.0","5.0/5.0","(9)","5% off $2,000","Matches all 2/2 requirements","Chat now","","","","","","5% off $2,000","Easy Return","","CN","","https://s.alicdn.com/@sc04/kf/H5504f6a6cd294fb89267f453edaa54f28.jpg_300x300.jpg","","","https://s.alicdn.com/@img/imgextra/i1/O1CN01H0fqnK1Gpp8Bpra4W_!!6000000000672-55-tps-20-21.svg","https://s.alicdn.com/@img/imgextra/i4/O1CN01ZQqlCv1icMsN1gizu_!!6000000004433-2-tps-172-64.png?webp=close&avif=close","","","","https://s.alicdn.com/@u/mobile/g/common/flags/1.0.0/assets/cn.png","https://s.alicdn.com/@sc01/kf/H62868c75e7eb4fbba8f8eb600d749c2aR.png","https://s.alicdn.com/@img/imgextra/i3/O1CN01Bv2erf1UtOvnQdp1D_!!6000000002575-55-tps-12-10.svg","https://s.alicdn.com/@img/imgextra/i3/O1CN01mhQx6j25bfQson9wW_!!6000000007545-2-tps-56-56.png","https://s.alicdn.com/@img/imgextra/i3/O1CN01Bv2erf1UtOvnQdp1D_!!6000000002575-55-tps-12-10.svg","","https://s.alicdn.com/@img/imgextra/i4/O1CN01QUhXLX1lDaB0DYt9b_!!6000000004785-2-tps-34-34.png","https://s.alicdn.com/@img/imgextra/i1/O1CN01skevju1mJMrEIZqWk_!!6000000004933-55-tps-21-21.svg","https://s.alicdn.com/@img/imgextra/i1/O1CN01skevju1mJMrEIZqWk_!!6000000004933-55-tps-21-21.svg","https://s.alicdn.com/@img/imgextra/i3/O1CN01mhQx6j25bfQson9wW_!!6000000007545-2-tps-56-56.png",""
"1773592474-38","https://www.alibaba.com/search/page?spm=a2700.product_home_fy25.home_login_first_screen_fy23_pc_search_bar.associationItem_pos_0&SearchScene=proSearch&SearchText=kids+toys+hot+selling&pro=true&from=pcHomeContent","Hot Sell Creative Light up LED Colorful Glowing 30CM Teddy Bear Stuffed Animal Plush Toy Christmas Gift","Jinhu Golden Sun Enterprise Co., Ltd.","16 yrs","Min. order: 200 pieces","$2.20-2.90","","Hot","Sell","Toy","","","5.0","5.0/5.0","(1)","","Matches all 2/2 requirements","Chat now","","","","Easy Return","","","","","CN","Ad","https://s.alicdn.com/@sc04/kf/Hffef07f94b00429090773f3ee78cdfd2i.png_300x300.png","","","https://s.alicdn.com/@img/imgextra/i1/O1CN01H0fqnK1Gpp8Bpra4W_!!6000000000672-55-tps-20-21.svg","https://s.alicdn.com/@img/imgextra/i4/O1CN01ZQqlCv1icMsN1gizu_!!6000000004433-2-tps-172-64.png?webp=close&avif=close","","","https://s.alicdn.com/@img/imgextra/i4/O1CN01QUhXLX1lDaB0DYt9b_!!6000000004785-2-tps-34-34.png","https://s.alicdn.com/@u/mobile/g/common/flags/1.0.0/assets/cn.png","https://s.alicdn.com/@sc01/kf/H62868c75e7eb4fbba8f8eb600d749c2aR.png","https://s.alicdn.com/@img/imgextra/i3/O1CN01Bv2erf1UtOvnQdp1D_!!6000000002575-55-tps-12-10.svg","","https://s.alicdn.com/@img/imgextra/i3/O1CN01Bv2erf1UtOvnQdp1D_!!6000000002575-55-tps-12-10.svg","","","https://s.alicdn.com/@img/imgextra/i1/O1CN01skevju1mJMrEIZqWk_!!6000000004933-55-tps-21-21.svg","https://s.alicdn.com/@img/imgextra/i1/O1CN01skevju1mJMrEIZqWk_!!6000000004933-55-tps-21-21.svg","",""
"1773592474-39","https://www.alibaba.com/search/page?spm=a2700.product_home_fy25.home_login_first_screen_fy23_pc_search_bar.associationItem_pos_0&SearchScene=proSearch&SearchText=kids+toys+hot+selling&pro=true&from=pcHomeContent","Wholesale Low Price 8 Inch Plush Toy Factory Direct Sale Cute 7 Inch Stuffed Animal Toy Creative Soft 4 Inch Plush Keychain","Hebei Xiongan Tongqu Trading Co., Ltd.","3 yrs","Min. order: 80 pieces","$0.17-0.95","12,375 sold","Toy","Toy","","","","4.7","4.7/5.0","(31)","$20 off shipping","Matches all 2/2 requirements","Chat now","Add to cart","","","","certified","$20 off shipping","Delivery by Jun 09","Easy Return","CN","","https://s.alicdn.com/@sc04/kf/H78aa030da2c441ceb417bf4e03c98426O.png_300x300.png","","","https://s.alicdn.com/@img/imgextra/i1/O1CN01H0fqnK1Gpp8Bpra4W_!!6000000000672-55-tps-20-21.svg","","https://s.alicdn.com/@sc04/kf/Hb0e2a0d1a2d44e0ba2491f8e2f92eeedS.png_100x100.png?webp=close&avif=close","https://s.alicdn.com/@sc04/kf/Hdbbb6a106e8d4515be692063768d8fd4J.png_100x100.png?webp=close&avif=close","","https://s.alicdn.com/@u/mobile/g/common/flags/1.0.0/assets/cn.png","https://s.alicdn.com/@sc01/kf/H62868c75e7eb4fbba8f8eb600d749c2aR.png","https://s.alicdn.com/@img/imgextra/i3/O1CN01Bv2erf1UtOvnQdp1D_!!6000000002575-55-tps-12-10.svg","https://s.alicdn.com/@img/imgextra/i1/O1CN01AKovar1kB0OVaoU0M_!!6000000004644-2-tps-34-33.png","https://s.alicdn.com/@img/imgextra/i3/O1CN01Bv2erf1UtOvnQdp1D_!!6000000002575-55-tps-12-10.svg","https://s.alicdn.com/@img/imgextra/i3/O1CN01Bv2erf1UtOvnQdp1D_!!6000000002575-55-tps-12-10.svg","https://s.alicdn.com/@img/imgextra/i2/O1CN01pZsS7S1RAZFleCw0N_!!6000000002071-2-tps-33-34.png","https://s.alicdn.com/@img/imgextra/i1/O1CN01skevju1mJMrEIZqWk_!!6000000004933-55-tps-21-21.svg","https://s.alicdn.com/@img/imgextra/i1/O1CN01skevju1mJMrEIZqWk_!!6000000004933-55-tps-21-21.svg","https://s.alicdn.com/@img/imgextra/i1/O1CN01AKovar1kB0OVaoU0M_!!6000000004644-2-tps-34-33.png","https://s.alicdn.com/@img/imgextra/i4/O1CN01QUhXLX1lDaB0DYt9b_!!6000000004785-2-tps-34-34.png"
"1773592474-40","https://www.alibaba.com/search/page?spm=a2700.product_home_fy25.home_login_first_screen_fy23_pc_search_bar.associationItem_pos_0&SearchScene=proSearch&SearchText=kids+toys+hot+selling&pro=true&from=pcHomeContent","Hot Selling Toy Eco-friendly Cheap Small Plastic Capsule Toys Surprise Egg Toy for Vending Machine","Hangzhou Xihuage Cultural Creativity Co., Ltd.","5 yrs","Min. order: 1000 pieces","$0.09-0.28","19,199 sold","Hot","Selling","Toy","Toys","Toy","4.9","4.9/5.0","(21)","","Matches all 2/2 requirements","Chat now","","","","Easy Return","","","","","CN","Ad","https://s.alicdn.com/@sc04/kf/Hc257f6f3769845cb9b5dbdea57d7b9d4f.jpg_300x300.jpg","","","https://s.alicdn.com/@img/imgextra/i1/O1CN01H0fqnK1Gpp8Bpra4W_!!6000000000672-55-tps-20-21.svg","","","","https://s.alicdn.com/@img/imgextra/i4/O1CN01QUhXLX1lDaB0DYt9b_!!6000000004785-2-tps-34-34.png","https://s.alicdn.com/@u/mobile/g/common/flags/1.0.0/assets/cn.png","","https://s.alicdn.com/@img/imgextra/i3/O1CN01Bv2erf1UtOvnQdp1D_!!6000000002575-55-tps-12-10.svg","","","","","https://s.alicdn.com/@img/imgextra/i1/O1CN01skevju1mJMrEIZqWk_!!6000000004933-55-tps-21-21.svg","https://s.alicdn.com/@img/imgextra/i1/O1CN01skevju1mJMrEIZqWk_!!6000000004933-55-tps-21-21.svg","",""
"1773592474-41","https://www.alibaba.com/search/page?spm=a2700.product_home_fy25.home_login_first_screen_fy23_pc_search_bar.associationItem_pos_0&SearchScene=proSearch&SearchText=kids+toys+hot+selling&pro=true&from=pcHomeContent","Wholesale High Quality Hot Best-selling 7 Colors Plush Bear With Bow Sitting 35cm Bear Customized Plush Bear Cheap Stuffed Toy","Nanjing Tongxinzhirong International Trade Co., Ltd.","2 yrs","Min. order: 12 pieces","","22 sold","Hot","selling","Toy","","","4.8","4.8/5.0","(49)","$20 off shipping","Matches all 2/2 requirements","Chat now","Add to cart","$2.18","11% off","","certified","$20 off shipping","Lower priced than similar","Delivery by Jun 09","CN","","https://s.alicdn.com/@sc04/kf/H21138ada147240cf8f4d3d0aae01f5b8o.jpg_300x300.jpg","","","https://s.alicdn.com/@img/imgextra/i1/O1CN01H0fqnK1Gpp8Bpra4W_!!6000000000672-55-tps-20-21.svg","https://s.alicdn.com/@img/imgextra/i4/O1CN01ZQqlCv1icMsN1gizu_!!6000000004433-2-tps-172-64.png?webp=close&avif=close","https://s.alicdn.com/@sc04/kf/Hb0e2a0d1a2d44e0ba2491f8e2f92eeedS.png_100x100.png?webp=close&avif=close","https://s.alicdn.com/@sc04/kf/Hdbbb6a106e8d4515be692063768d8fd4J.png_100x100.png?webp=close&avif=close","","https://s.alicdn.com/@u/mobile/g/common/flags/1.0.0/assets/cn.png","https://s.alicdn.com/@sc01/kf/H62868c75e7eb4fbba8f8eb600d749c2aR.png","https://s.alicdn.com/@img/imgextra/i3/O1CN01Bv2erf1UtOvnQdp1D_!!6000000002575-55-tps-12-10.svg","https://s.alicdn.com/@img/imgextra/i1/O1CN01AKovar1kB0OVaoU0M_!!6000000004644-2-tps-34-33.png","https://s.alicdn.com/@img/imgextra/i3/O1CN01Bv2erf1UtOvnQdp1D_!!6000000002575-55-tps-12-10.svg","","https://s.alicdn.com/@sc01/kf/He15f3630b6674cb697c45c43f49fc3752.png","https://s.alicdn.com/@img/imgextra/i1/O1CN01skevju1mJMrEIZqWk_!!6000000004933-55-tps-21-21.svg","https://s.alicdn.com/@img/imgextra/i1/O1CN01skevju1mJMrEIZqWk_!!6000000004933-55-tps-21-21.svg","https://s.alicdn.com/@img/imgextra/i1/O1CN01AKovar1kB0OVaoU0M_!!6000000004644-2-tps-34-33.png","https://s.alicdn.com/@img/imgextra/i2/O1CN01pZsS7S1RAZFleCw0N_!!6000000002071-2-tps-33-34.png"
"1773592474-42","https://www.alibaba.com/search/page?spm=a2700.product_home_fy25.home_login_first_screen_fy23_pc_search_bar.associationItem_pos_0&SearchScene=proSearch&SearchText=kids+toys+hot+selling&pro=true&from=pcHomeContent","Hot Selling Toy Eco-friendly Cheap Small Plastic Capsule Toys Surprise Egg Toy for Vending Machine","Mengzhiyu Trading (Dongguan) Co., Limited","3 yrs","Min. order: 300 pieces","$1.20","","Hot","Selling","Toy","Toys","Toy","5.0","5.0/5.0","(2)","$20 off shipping","Matches all 2/2 requirements","Chat now","Add to cart","","","","","$20 off shipping","Delivery by Apr 25","Easy Return","CN","","https://s.alicdn.com/@sc04/kf/Hb5be5e0653184848be9506d5eed0854er.jpg_300x300.jpg","","","https://s.alicdn.com/@img/imgextra/i1/O1CN01H0fqnK1Gpp8Bpra4W_!!6000000000672-55-tps-20-21.svg","","","","","https://s.alicdn.com/@u/mobile/g/common/flags/1.0.0/assets/cn.png","","https://s.alicdn.com/@img/imgextra/i2/O1CN01lUQbI41ymTPgE2qXM_!!6000000006621-55-tps-12-10.svg","https://s.alicdn.com/@img/imgextra/i1/O1CN01AKovar1kB0OVaoU0M_!!6000000004644-2-tps-34-33.png","","","https://s.alicdn.com/@img/imgextra/i2/O1CN01pZsS7S1RAZFleCw0N_!!6000000002071-2-tps-33-34.png","https://s.alicdn.com/@img/imgextra/i1/O1CN01skevju1mJMrEIZqWk_!!6000000004933-55-tps-21-21.svg","https://s.alicdn.com/@img/imgextra/i1/O1CN01skevju1mJMrEIZqWk_!!6000000004933-55-tps-21-21.svg","https://s.alicdn.com/@img/imgextra/i1/O1CN01AKovar1kB0OVaoU0M_!!6000000004644-2-tps-34-33.png","https://s.alicdn.com/@img/imgextra/i4/O1CN01QUhXLX1lDaB0DYt9b_!!6000000004785-2-tps-34-34.png"
"1773592474-43","https://www.alibaba.com/search/page?spm=a2700.product_home_fy25.home_login_first_screen_fy23_pc_search_bar.associationItem_pos_0&SearchScene=proSearch&SearchText=kids+toys+hot+selling&pro=true&from=pcHomeContent","2024 Hot Sale Oversized House Baby Indoor Folding Toy Princess House Ocean Ball Pool High Quality Ball Game Toy Tent","Wenzhou Sansu Commodity Co., Ltd.","6 yrs","Min. order: 300 pieces","$3.94-4.41","","Hot","Toy","Toy","","","4.8","4.8/5.0","(61)","","Matches all 2/2 requirements","Chat now","","","","Easy Return","","","","","CN","Ad","https://s.alicdn.com/@sc04/kf/Hab2a81d2303e49788e0374a94fe02e2dd.jpg_300x300.jpg","","https://s.alicdn.com/@img/imgextra/i3/O1CN01Bv2erf1UtOvnQdp1D_!!6000000002575-55-tps-12-10.svg","https://s.alicdn.com/@img/imgextra/i1/O1CN01H0fqnK1Gpp8Bpra4W_!!6000000000672-55-tps-20-21.svg","https://s.alicdn.com/@img/imgextra/i4/O1CN01ZQqlCv1icMsN1gizu_!!6000000004433-2-tps-172-64.png?webp=close&avif=close","","","https://s.alicdn.com/@img/imgextra/i4/O1CN01QUhXLX1lDaB0DYt9b_!!6000000004785-2-tps-34-34.png","https://s.alicdn.com/@u/mobile/g/common/flags/1.0.0/assets/cn.png","https://s.alicdn.com/@sc01/kf/H62868c75e7eb4fbba8f8eb600d749c2aR.png","https://s.alicdn.com/@img/imgextra/i3/O1CN01Bv2erf1UtOvnQdp1D_!!6000000002575-55-tps-12-10.svg","","https://s.alicdn.com/@img/imgextra/i3/O1CN01Bv2erf1UtOvnQdp1D_!!6000000002575-55-tps-12-10.svg","https://s.alicdn.com/@img/imgextra/i3/O1CN01Bv2erf1UtOvnQdp1D_!!6000000002575-55-tps-12-10.svg","","https://s.alicdn.com/@img/imgextra/i1/O1CN01skevju1mJMrEIZqWk_!!6000000004933-55-tps-21-21.svg","https://s.alicdn.com/@img/imgextra/i1/O1CN01skevju1mJMrEIZqWk_!!6000000004933-55-tps-21-21.svg","",""
"1773592474-44","https://www.alibaba.com/search/page?spm=a2700.product_home_fy25.home_login_first_screen_fy23_pc_search_bar.associationItem_pos_0&SearchScene=proSearch&SearchText=kids+toys+hot+selling&pro=true&from=pcHomeContent","2025 NEW Style Top Sale Brain Teaser MINI 3D Colorful IQ Wooden Puzzle for Kids Toy and Maze Games Manufacturer","Zhejiang Mi Toys Group Co., Ltd.","3 yrs","Min. order: 1000 pieces","$1.05","1,000 sold","Kids","Toy","","","","4.9","4.9/5.0","(4)","","Matches all 2/2 requirements","Chat now","","","","Easy Return","certified","","","","CN","","https://s.alicdn.com/@sc04/kf/H72216ec082ba415a9615766efcffa563v.jpg_300x300.jpg","","","https://s.alicdn.com/@img/imgextra/i1/O1CN01H0fqnK1Gpp8Bpra4W_!!6000000000672-55-tps-20-21.svg","https://s.alicdn.com/@img/imgextra/i4/O1CN01ZQqlCv1icMsN1gizu_!!6000000004433-2-tps-172-64.png?webp=close&avif=close","https://s.alicdn.com/@sc04/kf/Hdbbb6a106e8d4515be692063768d8fd4J.png_100x100.png?webp=close&avif=close","","https://s.alicdn.com/@img/imgextra/i4/O1CN01QUhXLX1lDaB0DYt9b_!!6000000004785-2-tps-34-34.png","https://s.alicdn.com/@u/mobile/g/common/flags/1.0.0/assets/cn.png","https://s.alicdn.com/@sc01/kf/H62868c75e7eb4fbba8f8eb600d749c2aR.png","https://s.alicdn.com/@img/imgextra/i3/O1CN01Bv2erf1UtOvnQdp1D_!!6000000002575-55-tps-12-10.svg","","https://s.alicdn.com/@img/imgextra/i3/O1CN01Bv2erf1UtOvnQdp1D_!!6000000002575-55-tps-12-10.svg","","","https://s.alicdn.com/@img/imgextra/i1/O1CN01skevju1mJMrEIZqWk_!!6000000004933-55-tps-21-21.svg","https://s.alicdn.com/@img/imgextra/i1/O1CN01skevju1mJMrEIZqWk_!!6000000004933-55-tps-21-21.svg","",""
"1773592474-45","https://www.alibaba.com/search/page?spm=a2700.product_home_fy25.home_login_first_screen_fy23_pc_search_bar.associationItem_pos_0&SearchScene=proSearch&SearchText=kids+toys+hot+selling&pro=true&from=pcHomeContent","Hot Selling OEM Bpa Free Food Grade Dinosaurs Chick Animals Wrist Hand Glove Teether Silicone Baby Teething Toys","Huizhou Melikey Silicone Product Co., Ltd.","6 yrs","Min. order: 100 pieces","$1.20","1,407 sold","Hot","Selling","Toys","","","4.9","4.9/5.0","(25)","$20 off shipping","Matches all 2/2 requirements","Chat now","Add to cart","","","","","$20 off shipping","$10 off every $100","5-day dispatch","CN","Ad","https://s.alicdn.com/@sc04/kf/Hb57bdc899ea84a01a7a75bd293541feaM.jpg_300x300.jpg","","","https://s.alicdn.com/@img/imgextra/i1/O1CN01H0fqnK1Gpp8Bpra4W_!!6000000000672-55-tps-20-21.svg","","","","","https://s.alicdn.com/@u/mobile/g/common/flags/1.0.0/assets/cn.png","https://s.alicdn.com/@sc01/kf/H62868c75e7eb4fbba8f8eb600d749c2aR.png","https://s.alicdn.com/@img/imgextra/i3/O1CN01Bv2erf1UtOvnQdp1D_!!6000000002575-55-tps-12-10.svg","https://s.alicdn.com/@img/imgextra/i1/O1CN01AKovar1kB0OVaoU0M_!!6000000004644-2-tps-34-33.png","https://s.alicdn.com/@img/imgextra/i3/O1CN01Bv2erf1UtOvnQdp1D_!!6000000002575-55-tps-12-10.svg","","https://s.alicdn.com/@img/imgextra/i2/O1CN01eHcIQG1ooAkRWcKep_!!6000000005271-2-tps-33-33.png","https://s.alicdn.com/@img/imgextra/i1/O1CN01skevju1mJMrEIZqWk_!!6000000004933-55-tps-21-21.svg","https://s.alicdn.com/@img/imgextra/i1/O1CN01skevju1mJMrEIZqWk_!!6000000004933-55-tps-21-21.svg","https://s.alicdn.com/@img/imgextra/i1/O1CN01AKovar1kB0OVaoU0M_!!6000000004644-2-tps-34-33.png","https://s.alicdn.com/@img/imgextra/i2/O1CN01pZsS7S1RAZFleCw0N_!!6000000002071-2-tps-33-34.png"
"1773592474-46","https://www.alibaba.com/search/page?spm=a2700.product_home_fy25.home_login_first_screen_fy23_pc_search_bar.associationItem_pos_0&SearchScene=proSearch&SearchText=kids+toys+hot+selling&pro=true&from=pcHomeContent","New Hot Selling Dinosaur Mold Magic Water Elf Toy Kit Creative Magic Water Elf Toy DIY STEM Water Gel Kit for Kids","Xinxiang Alpha Manufacturing Ltd.","9 yrs","Min. order: 1000 sets","$1.73-1.82","1,515 sold","Hot","Selling","Toy","Toy","Kids","4.9","4.9/5.0","(27)","","Matches all 2/2 requirements","Chat now","","","","Easy Return","certified","","","","CN","","https://s.alicdn.com/@sc04/kf/H61ace8c23b9440c2954086c02eb30b06d.jpg_300x300.jpg","","","https://s.alicdn.com/@img/imgextra/i1/O1CN01H0fqnK1Gpp8Bpra4W_!!6000000000672-55-tps-20-21.svg","https://s.alicdn.com/@img/imgextra/i4/O1CN01ZQqlCv1icMsN1gizu_!!6000000004433-2-tps-172-64.png?webp=close&avif=close","https://s.alicdn.com/@sc04/kf/Hb0e2a0d1a2d44e0ba2491f8e2f92eeedS.png_100x100.png?webp=close&avif=close","https://s.alicdn.com/@sc04/kf/Hdbbb6a106e8d4515be692063768d8fd4J.png_100x100.png?webp=close&avif=close","https://s.alicdn.com/@img/imgextra/i4/O1CN01QUhXLX1lDaB0DYt9b_!!6000000004785-2-tps-34-34.png","https://s.alicdn.com/@u/mobile/g/common/flags/1.0.0/assets/cn.png","https://s.alicdn.com/@sc01/kf/H62868c75e7eb4fbba8f8eb600d749c2aR.png","https://s.alicdn.com/@img/imgextra/i3/O1CN01Bv2erf1UtOvnQdp1D_!!6000000002575-55-tps-12-10.svg","","https://s.alicdn.com/@img/imgextra/i3/O1CN01Bv2erf1UtOvnQdp1D_!!6000000002575-55-tps-12-10.svg","https://s.alicdn.com/@img/imgextra/i3/O1CN01Bv2erf1UtOvnQdp1D_!!6000000002575-55-tps-12-10.svg","","https://s.alicdn.com/@img/imgextra/i1/O1CN01skevju1mJMrEIZqWk_!!6000000004933-55-tps-21-21.svg","https://s.alicdn.com/@img/imgextra/i1/O1CN01skevju1mJMrEIZqWk_!!6000000004933-55-tps-21-21.svg","",""
"1773592474-47","https://www.alibaba.com/search/page?spm=a2700.product_home_fy25.home_login_first_screen_fy23_pc_search_bar.associationItem_pos_0&SearchScene=proSearch&SearchText=kids+toys+hot+selling&pro=true&from=pcHomeContent","New Cute 8 Inch Garfield Cat Stuffed Animals Kids Doll Popular Cartoon Character Plush Animal Toys for Claw Machine","Wuhan Baishi United Trading Co., Ltd.","1 yr","Min. order: 60 pieces","$1.58-1.88","","Kids","Toys","","","","4.9","4.9/5.0","(16)","","Matches all 2/2 requirements","Chat now","","","","Easy Return","","","","","CN","","https://s.alicdn.com/@sc04/kf/H0c427a557f3b492d8a841ef5bc3c8c2fT.jpg_300x300.jpg","","","https://s.alicdn.com/@img/imgextra/i1/O1CN01H0fqnK1Gpp8Bpra4W_!!6000000000672-55-tps-20-21.svg","https://s.alicdn.com/@img/imgextra/i4/O1CN01ZQqlCv1icMsN1gizu_!!6000000004433-2-tps-172-64.png?webp=close&avif=close","","","https://s.alicdn.com/@img/imgextra/i4/O1CN01QUhXLX1lDaB0DYt9b_!!6000000004785-2-tps-34-34.png","https://s.alicdn.com/@u/mobile/g/common/flags/1.0.0/assets/cn.png","","https://s.alicdn.com/@img/imgextra/i2/O1CN01lUQbI41ymTPgE2qXM_!!6000000006621-55-tps-12-10.svg","","","","","https://s.alicdn.com/@img/imgextra/i1/O1CN01skevju1mJMrEIZqWk_!!6000000004933-55-tps-21-21.svg","https://s.alicdn.com/@img/imgextra/i1/O1CN01skevju1mJMrEIZqWk_!!6000000004933-55-tps-21-21.svg","",""
"1773592474-48","https://www.alibaba.com/search/page?spm=a2700.product_home_fy25.home_login_first_screen_fy23_pc_search_bar.associationItem_pos_0&SearchScene=proSearch&SearchText=kids+toys+hot+selling&pro=true&from=pcHomeContent","CPC Selling LED Musical Unicorn Stuffed Animal Singing Pillow Glow the Dark Night Light up Make up Music Plush Toy","Shenzhen Dcmd Cultural Goods Co., Ltd.","4 yrs","Min. order: 300 pieces","$0.50-1","","Selling","Toy","","","","4.8","4.8/5.0","(26)","","Matches all 2/2 requirements","Chat now","","","","Easy Return","certified","","","","CN","Ad","https://s.alicdn.com/@sc04/kf/Hf802758d463548238b76984daac458977.jpg_300x300.jpg","","","https://s.alicdn.com/@img/imgextra/i1/O1CN01H0fqnK1Gpp8Bpra4W_!!6000000000672-55-tps-20-21.svg","https://s.alicdn.com/@img/imgextra/i4/O1CN01ZQqlCv1icMsN1gizu_!!6000000004433-2-tps-172-64.png?webp=close&avif=close","https://s.alicdn.com/@sc04/kf/Hb0e2a0d1a2d44e0ba2491f8e2f92eeedS.png_100x100.png?webp=close&avif=close","https://s.alicdn.com/@sc04/kf/Hdbbb6a106e8d4515be692063768d8fd4J.png_100x100.png?webp=close&avif=close","https://s.alicdn.com/@img/imgextra/i4/O1CN01QUhXLX1lDaB0DYt9b_!!6000000004785-2-tps-34-34.png","https://s.alicdn.com/@u/mobile/g/common/flags/1.0.0/assets/cn.png","https://s.alicdn.com/@sc01/kf/H62868c75e7eb4fbba8f8eb600d749c2aR.png","https://s.alicdn.com/@img/imgextra/i3/O1CN01Bv2erf1UtOvnQdp1D_!!6000000002575-55-tps-12-10.svg","","","","","https://s.alicdn.com/@img/imgextra/i1/O1CN01skevju1mJMrEIZqWk_!!6000000004933-55-tps-21-21.svg","https://s.alicdn.com/@img/imgextra/i1/O1CN01skevju1mJMrEIZqWk_!!6000000004933-55-tps-21-21.svg","",""
"1773592474-49","https://www.alibaba.com/search/page?spm=a2700.product_home_fy25.home_login_first_screen_fy23_pc_search_bar.associationItem_pos_0&SearchScene=proSearch&SearchText=kids+toys+hot+selling&pro=true&from=pcHomeContent","Hot Selling Cartoon Illustration Toy Tents Indoor Child Tent Baby Toys Ball Pool for Children Kids","Wenzhou Sansu Commodity Co., Ltd.","6 yrs","Min. order: 2 pieces","$3.50","130 sold","Hot","Selling","Toy","Toys","Kids","4.8","4.8/5.0","(61)","","Matches all 2/2 requirements","Chat now","","","","Easy Return","","","","","CN","","https://s.alicdn.com/@sc04/kf/H0668b160281e43918fd4a8f0121f6ebaX.jpg_300x300.jpg","","https://s.alicdn.com/@img/imgextra/i3/O1CN01Bv2erf1UtOvnQdp1D_!!6000000002575-55-tps-12-10.svg","https://s.alicdn.com/@img/imgextra/i1/O1CN01H0fqnK1Gpp8Bpra4W_!!6000000000672-55-tps-20-21.svg","https://s.alicdn.com/@img/imgextra/i4/O1CN01ZQqlCv1icMsN1gizu_!!6000000004433-2-tps-172-64.png?webp=close&avif=close","","","https://s.alicdn.com/@img/imgextra/i4/O1CN01QUhXLX1lDaB0DYt9b_!!6000000004785-2-tps-34-34.png","https://s.alicdn.com/@u/mobile/g/common/flags/1.0.0/assets/cn.png","https://s.alicdn.com/@sc01/kf/H62868c75e7eb4fbba8f8eb600d749c2aR.png","https://s.alicdn.com/@img/imgextra/i3/O1CN01Bv2erf1UtOvnQdp1D_!!6000000002575-55-tps-12-10.svg","","https://s.alicdn.com/@img/imgextra/i3/O1CN01Bv2erf1UtOvnQdp1D_!!6000000002575-55-tps-12-10.svg","https://s.alicdn.com/@img/imgextra/i3/O1CN01Bv2erf1UtOvnQdp1D_!!6000000002575-55-tps-12-10.svg","","https://s.alicdn.com/@img/imgextra/i1/O1CN01skevju1mJMrEIZqWk_!!6000000004933-55-tps-21-21.svg","https://s.alicdn.com/@img/imgextra/i1/O1CN01skevju1mJMrEIZqWk_!!6000000004933-55-tps-21-21.svg","",""
"1773592474-50","https://www.alibaba.com/search/page?spm=a2700.product_home_fy25.home_login_first_screen_fy23_pc_search_bar.associationItem_pos_0&SearchScene=proSearch&SearchText=kids+toys+hot+selling&pro=true&from=pcHomeContent","Hot Selling TicTacToe Handheld Puzzle Toy Fantastic Board Game for Elementary School Children Trendy New Playtime Option","Guangdong Mengbang Trading Co., Ltd.","2 yrs","Min. order: 120 sets","$3.80-4.20","","Hot","Selling","Toy","","","5.0","5.0/5.0","(10)","","Matches all 2/2 requirements","Chat now","","","","Easy Return","","","","","CN","Ad","https://s.alicdn.com/@sc04/kf/Haa660cd6144c49aeb49e7cb3fe1a8208s.jpg_300x300.jpg","","","https://s.alicdn.com/@img/imgextra/i1/O1CN01H0fqnK1Gpp8Bpra4W_!!6000000000672-55-tps-20-21.svg","https://s.alicdn.com/@img/imgextra/i4/O1CN01ZQqlCv1icMsN1gizu_!!6000000004433-2-tps-172-64.png?webp=close&avif=close","","","https://s.alicdn.com/@img/imgextra/i4/O1CN01QUhXLX1lDaB0DYt9b_!!6000000004785-2-tps-34-34.png","https://s.alicdn.com/@u/mobile/g/common/flags/1.0.0/assets/cn.png","https://s.alicdn.com/@sc01/kf/H62868c75e7eb4fbba8f8eb600d749c2aR.png","https://s.alicdn.com/@img/imgextra/i3/O1CN01Bv2erf1UtOvnQdp1D_!!6000000002575-55-tps-12-10.svg","","https://s.alicdn.com/@img/imgextra/i3/O1CN01Bv2erf1UtOvnQdp1D_!!6000000002575-55-tps-12-10.svg","","","https://s.alicdn.com/@img/imgextra/i1/O1CN01skevju1mJMrEIZqWk_!!6000000004933-55-tps-21-21.svg","https://s.alicdn.com/@img/imgextra/i1/O1CN01skevju1mJMrEIZqWk_!!6000000004933-55-tps-21-21.svg","",""
"1773592474-51","https://www.alibaba.com/search/page?spm=a2700.product_home_fy25.home_login_first_screen_fy23_pc_search_bar.associationItem_pos_0&SearchScene=proSearch&SearchText=kids+toys+hot+selling&pro=true&from=pcHomeContent","BSBH Hot Selling Stock Goods PU Balls Custom PU Stress Ball for Promotional Gift Kids Toys PU Toy Balls","Fuzhou Bison Import And Export Co., Ltd.","15 yrs","Min. order: 100 pieces","$0.19-0.37","","Hot","Selling","Kids","Toys","Toy","4.8","4.8/5.0","(251)","","Matches all 2/2 requirements","Chat now","","","","Easy Return","","","","","CN","","https://s.alicdn.com/@sc04/kf/H5c874536fcab434a804165b9fceaa034D.jpg_300x300.jpg","","https://s.alicdn.com/@img/imgextra/i3/O1CN01Bv2erf1UtOvnQdp1D_!!6000000002575-55-tps-12-10.svg","https://s.alicdn.com/@img/imgextra/i1/O1CN01H0fqnK1Gpp8Bpra4W_!!6000000000672-55-tps-20-21.svg","https://s.alicdn.com/@img/imgextra/i4/O1CN01ZQqlCv1icMsN1gizu_!!6000000004433-2-tps-172-64.png?webp=close&avif=close","","","https://s.alicdn.com/@img/imgextra/i4/O1CN01QUhXLX1lDaB0DYt9b_!!6000000004785-2-tps-34-34.png","https://s.alicdn.com/@u/mobile/g/common/flags/1.0.0/assets/cn.png","https://s.alicdn.com/@sc01/kf/H62868c75e7eb4fbba8f8eb600d749c2aR.png","https://s.alicdn.com/@img/imgextra/i3/O1CN01Bv2erf1UtOvnQdp1D_!!6000000002575-55-tps-12-10.svg","","https://s.alicdn.com/@img/imgextra/i3/O1CN01Bv2erf1UtOvnQdp1D_!!6000000002575-55-tps-12-10.svg","https://s.alicdn.com/@img/imgextra/i3/O1CN01Bv2erf1UtOvnQdp1D_!!6000000002575-55-tps-12-10.svg","","https://s.alicdn.com/@img/imgextra/i1/O1CN01skevju1mJMrEIZqWk_!!6000000004933-55-tps-21-21.svg","https://s.alicdn.com/@img/imgextra/i1/O1CN01skevju1mJMrEIZqWk_!!6000000004933-55-tps-21-21.svg","",""
"1773592474-52","https://www.alibaba.com/search/page?spm=a2700.product_home_fy25.home_login_first_screen_fy23_pc_search_bar.associationItem_pos_0&SearchScene=proSearch&SearchText=kids+toys+hot+selling&pro=true&from=pcHomeContent","Hot Selling Custom Logo Toys Plush Custom Stuffed Animals Cute Animal Design Plushei Toys","Shenzhen Levin Plush Toys Co., Ltd.","11 yrs","Min. order: 100 pieces","$1.01-1.99","101,587 sold","Hot","Selling","Toys","Toys","","4.9","4.9/5.0","(92)","Easy Return","Matches all 2/2 requirements","Chat now","","","","","","Easy Return","#15 on manufacturer leaderboard","","CN","Ad","https://s.alicdn.com/@sc04/kf/H30377caca06347ad8790ab75356bcdf3E.png_300x300.png","","","https://s.alicdn.com/@img/imgextra/i1/O1CN01H0fqnK1Gpp8Bpra4W_!!6000000000672-55-tps-20-21.svg","https://s.alicdn.com/@img/imgextra/i4/O1CN01ZQqlCv1icMsN1gizu_!!6000000004433-2-tps-172-64.png?webp=close&avif=close","","","","https://s.alicdn.com/@u/mobile/g/common/flags/1.0.0/assets/cn.png","https://s.alicdn.com/@sc01/kf/H62868c75e7eb4fbba8f8eb600d749c2aR.png","https://s.alicdn.com/@img/imgextra/i3/O1CN01Bv2erf1UtOvnQdp1D_!!6000000002575-55-tps-12-10.svg","https://s.alicdn.com/@img/imgextra/i4/O1CN01QUhXLX1lDaB0DYt9b_!!6000000004785-2-tps-34-34.png","https://s.alicdn.com/@img/imgextra/i3/O1CN01Bv2erf1UtOvnQdp1D_!!6000000002575-55-tps-12-10.svg","https://s.alicdn.com/@img/imgextra/i3/O1CN01Bv2erf1UtOvnQdp1D_!!6000000002575-55-tps-12-10.svg","","https://s.alicdn.com/@img/imgextra/i1/O1CN01skevju1mJMrEIZqWk_!!6000000004933-55-tps-21-21.svg","https://s.alicdn.com/@img/imgextra/i1/O1CN01skevju1mJMrEIZqWk_!!6000000004933-55-tps-21-21.svg","https://s.alicdn.com/@img/imgextra/i4/O1CN01QUhXLX1lDaB0DYt9b_!!6000000004785-2-tps-34-34.png",""
"1773592474-53","https://www.alibaba.com/search/page?spm=a2700.product_home_fy25.home_login_first_screen_fy23_pc_search_bar.associationItem_pos_0&SearchScene=proSearch&SearchText=kids+toys+hot+selling&pro=true&from=pcHomeContent","Hot and Cheap Sensory Toys Puzzle Games Montessori Children Educational Toy Color Matching Game","Zhejiang Mi Toys Group Co., Ltd.","3 yrs","Min. order: 1000 sets","$2.80-2.95","1,100 sold","Hot","Toys","Toy","","","4.9","4.9/5.0","(4)","","Matches all 2/2 requirements","Chat now","","","","Easy Return","certified","","","","CN","","https://s.alicdn.com/@sc04/kf/H3c831dd2dfdd4716ae59b29b6755e2bd7.jpg_300x300.jpg","","","https://s.alicdn.com/@img/imgextra/i1/O1CN01H0fqnK1Gpp8Bpra4W_!!6000000000672-55-tps-20-21.svg","https://s.alicdn.com/@img/imgextra/i4/O1CN01ZQqlCv1icMsN1gizu_!!6000000004433-2-tps-172-64.png?webp=close&avif=close","https://s.alicdn.com/@sc04/kf/Hdbbb6a106e8d4515be692063768d8fd4J.png_100x100.png?webp=close&avif=close","","https://s.alicdn.com/@img/imgextra/i4/O1CN01QUhXLX1lDaB0DYt9b_!!6000000004785-2-tps-34-34.png","https://s.alicdn.com/@u/mobile/g/common/flags/1.0.0/assets/cn.png","https://s.alicdn.com/@sc01/kf/H62868c75e7eb4fbba8f8eb600d749c2aR.png","https://s.alicdn.com/@img/imgextra/i3/O1CN01Bv2erf1UtOvnQdp1D_!!6000000002575-55-tps-12-10.svg","","https://s.alicdn.com/@img/imgextra/i3/O1CN01Bv2erf1UtOvnQdp1D_!!6000000002575-55-tps-12-10.svg","","","https://s.alicdn.com/@img/imgextra/i1/O1CN01skevju1mJMrEIZqWk_!!6000000004933-55-tps-21-21.svg","https://s.alicdn.com/@img/imgextra/i1/O1CN01skevju1mJMrEIZqWk_!!6000000004933-55-tps-21-21.svg","",""
"1773592474-54","https://www.alibaba.com/search/page?spm=a2700.product_home_fy25.home_login_first_screen_fy23_pc_search_bar.associationItem_pos_0&SearchScene=proSearch&SearchText=kids+toys+hot+selling&pro=true&from=pcHomeContent","Hot Selling Kids Magic 8 Ball Plastic Fortune Telling Prophecy Ball Promotional Toy","Suzhou Capx Trading Co., Ltd.","2 yrs","Min. order: 100 pieces","$0.65-2.30","272 sold","Hot","Selling","Kids","Toy","","4.8","4.8/5.0","(3)","","Matches all 2/2 requirements","Chat now","","","","Easy Return","","","","","CN","Ad","https://s.alicdn.com/@sc04/kf/Haf381ea74c044e7a994da572107dd52df.jpg_300x300.jpg","","","https://s.alicdn.com/@img/imgextra/i1/O1CN01H0fqnK1Gpp8Bpra4W_!!6000000000672-55-tps-20-21.svg","https://s.alicdn.com/@img/imgextra/i4/O1CN01ZQqlCv1icMsN1gizu_!!6000000004433-2-tps-172-64.png?webp=close&avif=close","","","https://s.alicdn.com/@img/imgextra/i4/O1CN01QUhXLX1lDaB0DYt9b_!!6000000004785-2-tps-34-34.png","https://s.alicdn.com/@u/mobile/g/common/flags/1.0.0/assets/cn.png","https://s.alicdn.com/@sc01/kf/H62868c75e7eb4fbba8f8eb600d749c2aR.png","https://s.alicdn.com/@img/imgextra/i3/O1CN01Bv2erf1UtOvnQdp1D_!!6000000002575-55-tps-12-10.svg","","https://s.alicdn.com/@img/imgextra/i3/O1CN01Bv2erf1UtOvnQdp1D_!!6000000002575-55-tps-12-10.svg","https://s.alicdn.com/@img/imgextra/i3/O1CN01Bv2erf1UtOvnQdp1D_!!6000000002575-55-tps-12-10.svg","","https://s.alicdn.com/@img/imgextra/i1/O1CN01skevju1mJMrEIZqWk_!!6000000004933-55-tps-21-21.svg","https://s.alicdn.com/@img/imgextra/i1/O1CN01skevju1mJMrEIZqWk_!!6000000004933-55-tps-21-21.svg","",""
"1773592474-55","https://www.alibaba.com/search/page?spm=a2700.product_home_fy25.home_login_first_screen_fy23_pc_search_bar.associationItem_pos_0&SearchScene=proSearch&SearchText=kids+toys+hot+selling&pro=true&from=pcHomeContent","Best-Selling Multi-Functional Hand-Crafted Stacking Building Block Manufacturer Direct Sale Montessori Toys for Boys Girls","Zhejiang Hengyuan Arts & Crafts Co., Ltd.","2 yrs","Min. order: 2 sets","$3.18-8.89","","Selling","Toys","","","","4.7","4.7/5.0","(26)","","Matches all 2/2 requirements","Chat now","","","","Easy Return","certified","","","","CN","","https://s.alicdn.com/@sc04/kf/H740bd2216e8e475785cfb7b5aaff64eb0.jpg_300x300.jpg","","","https://s.alicdn.com/@img/imgextra/i1/O1CN01H0fqnK1Gpp8Bpra4W_!!6000000000672-55-tps-20-21.svg","https://s.alicdn.com/@img/imgextra/i4/O1CN01ZQqlCv1icMsN1gizu_!!6000000004433-2-tps-172-64.png?webp=close&avif=close","https://s.alicdn.com/@sc04/kf/Hdbbb6a106e8d4515be692063768d8fd4J.png_100x100.png?webp=close&avif=close","","https://s.alicdn.com/@img/imgextra/i4/O1CN01QUhXLX1lDaB0DYt9b_!!6000000004785-2-tps-34-34.png","https://s.alicdn.com/@u/mobile/g/common/flags/1.0.0/assets/cn.png","https://s.alicdn.com/@sc01/kf/H62868c75e7eb4fbba8f8eb600d749c2aR.png","https://s.alicdn.com/@img/imgextra/i3/O1CN01Bv2erf1UtOvnQdp1D_!!6000000002575-55-tps-12-10.svg","","","","","https://s.alicdn.com/@img/imgextra/i1/O1CN01skevju1mJMrEIZqWk_!!6000000004933-55-tps-21-21.svg","https://s.alicdn.com/@img/imgextra/i1/O1CN01skevju1mJMrEIZqWk_!!6000000004933-55-tps-21-21.svg","",""
"1773592474-56","https://www.alibaba.com/search/page?spm=a2700.product_home_fy25.home_login_first_screen_fy23_pc_search_bar.associationItem_pos_0&SearchScene=proSearch&SearchText=kids+toys+hot+selling&pro=true&from=pcHomeContent","DIY Products Assembly Toys Dolls with Pull Back Car for Girls Trending Products 2026 New Arrivals Kids Toys","Chaozhou Chao'an District Anbu Town Zechuang Plastic Products Factory","1 yr","Min. order: 5000 pieces","$0.04","","Toys","Kids","Toys","","","","","","","Matches all 2/2 requirements","Chat now","","","","Easy Return","","","","","CN","Ad","https://s.alicdn.com/@sc04/kf/H75dea98c2c9b458b9f9927447b388e0bP.jpg_300x300.jpg","","","https://s.alicdn.com/@img/imgextra/i1/O1CN01H0fqnK1Gpp8Bpra4W_!!6000000000672-55-tps-20-21.svg","","","","https://s.alicdn.com/@img/imgextra/i4/O1CN01QUhXLX1lDaB0DYt9b_!!6000000004785-2-tps-34-34.png","https://s.alicdn.com/@u/mobile/g/common/flags/1.0.0/assets/cn.png","","https://s.alicdn.com/@img/imgextra/i2/O1CN01lUQbI41ymTPgE2qXM_!!6000000006621-55-tps-12-10.svg","","","","","https://s.alicdn.com/@img/imgextra/i1/O1CN01skevju1mJMrEIZqWk_!!6000000004933-55-tps-21-21.svg","https://s.alicdn.com/@img/imgextra/i1/O1CN01skevju1mJMrEIZqWk_!!6000000004933-55-tps-21-21.svg","",""
"1773592474-57","https://www.alibaba.com/search/page?spm=a2700.product_home_fy25.home_login_first_screen_fy23_pc_search_bar.associationItem_pos_0&SearchScene=proSearch&SearchText=kids+toys+hot+selling&pro=true&from=pcHomeContent","Surprised Blind Box Capybara Doll Toy Key Chain Children's Hole Music Lottery Decompression Toys Cartoon Capybara Backpack Decor","Yiwu Chengding Trading Firm","1 yr","Min. order: 24 pieces","$0.25","146 sold","Toy","Toys","","","","4.6","4.6/5.0","(129)","FREE shipping","Matches all 1/2 requirements","Chat now","Add to cart","","","","","FREE shipping","Lower priced than similar","Delivery by Apr 08","CN","","https://s.alicdn.com/@sc04/kf/H0557861e009d45bd941868632a5d7f92o.jpg_300x300.jpg","","","https://s.alicdn.com/@img/imgextra/i1/O1CN01H0fqnK1Gpp8Bpra4W_!!6000000000672-55-tps-20-21.svg","","","","","https://s.alicdn.com/@u/mobile/g/common/flags/1.0.0/assets/cn.png","","https://s.alicdn.com/@img/imgextra/i3/O1CN01Bv2erf1UtOvnQdp1D_!!6000000002575-55-tps-12-10.svg","https://s.alicdn.com/@img/imgextra/i1/O1CN01AKovar1kB0OVaoU0M_!!6000000004644-2-tps-34-33.png","","","https://s.alicdn.com/@sc01/kf/He15f3630b6674cb697c45c43f49fc3752.png","https://s.alicdn.com/@img/imgextra/i1/O1CN01skevju1mJMrEIZqWk_!!6000000004933-55-tps-21-21.svg","https://s.alicdn.com/@img/imgextra/i1/O1CN01skevju1mJMrEIZqWk_!!6000000004933-55-tps-21-21.svg","https://s.alicdn.com/@img/imgextra/i1/O1CN01AKovar1kB0OVaoU0M_!!6000000004644-2-tps-34-33.png","https://s.alicdn.com/@img/imgextra/i2/O1CN01pZsS7S1RAZFleCw0N_!!6000000002071-2-tps-33-34.png"
"1773592474-58","https://www.alibaba.com/search/page?spm=a2700.product_home_fy25.home_login_first_screen_fy23_pc_search_bar.associationItem_pos_0&SearchScene=proSearch&SearchText=kids+toys+hot+selling&pro=true&from=pcHomeContent","Aurora All Maltose Squeeze Toy Colorful Maltose-Shaped Squishy for 8-13 Years Unisex Stress Relief Gift Busy Day Mood Booster","Yiwu City Novel Craft Co., Ltd.","1 yr","Min. order: 500 pieces","$0.57","","Toy","","","","","","","","","Matches all 1/2 requirements","Chat now","","","","Easy Return","","","","","CN","Ad","https://s.alicdn.com/@sc04/kf/Hf4c0729038f041aaa3f9be6b1fb04752R.png_300x300.png","","","https://s.alicdn.com/@img/imgextra/i1/O1CN01H0fqnK1Gpp8Bpra4W_!!6000000000672-55-tps-20-21.svg","","","","https://s.alicdn.com/@img/imgextra/i4/O1CN01QUhXLX1lDaB0DYt9b_!!6000000004785-2-tps-34-34.png","https://s.alicdn.com/@u/mobile/g/common/flags/1.0.0/assets/cn.png","","https://s.alicdn.com/@img/imgextra/i2/O1CN01lUQbI41ymTPgE2qXM_!!6000000006621-55-tps-12-10.svg","","","","","https://s.alicdn.com/@img/imgextra/i1/O1CN01skevju1mJMrEIZqWk_!!6000000004933-55-tps-21-21.svg","https://s.alicdn.com/@img/imgextra/i1/O1CN01skevju1mJMrEIZqWk_!!6000000004933-55-tps-21-21.svg","",""
"1773592474-59","https://www.alibaba.com/search/page?spm=a2700.product_home_fy25.home_login_first_screen_fy23_pc_search_bar.associationItem_pos_0&SearchScene=proSearch&SearchText=kids+toys+hot+selling&pro=true&from=pcHomeContent","[Alibaba Certified Factory] Upgraded Super Strong Magnet Building Blocks Magnetic Blocks Tough Tiles STEM Toys","Xiamen Zhaobao Magnet Co., Ltd.","8 yrs","Min. order: 2 sets","$2.31","58 sold","Toys","","","","","4.4","4.4/5.0","(21)","","Matches all 1/2 requirements","Chat now","","","","Easy Return","","","","","CN","","https://s.alicdn.com/@sc04/kf/Ha56d894ab91342e688fef81d11b34012s.jpg_300x300.jpg","","","https://s.alicdn.com/@img/imgextra/i1/O1CN01H0fqnK1Gpp8Bpra4W_!!6000000000672-55-tps-20-21.svg","https://s.alicdn.com/@img/imgextra/i4/O1CN01ZQqlCv1icMsN1gizu_!!6000000004433-2-tps-172-64.png?webp=close&avif=close","","","https://s.alicdn.com/@img/imgextra/i4/O1CN01QUhXLX1lDaB0DYt9b_!!6000000004785-2-tps-34-34.png","https://s.alicdn.com/@u/mobile/g/common/flags/1.0.0/assets/cn.png","","https://s.alicdn.com/@img/imgextra/i3/O1CN01Bv2erf1UtOvnQdp1D_!!6000000002575-55-tps-12-10.svg","","https://s.alicdn.com/@img/imgextra/i3/O1CN01Bv2erf1UtOvnQdp1D_!!6000000002575-55-tps-12-10.svg","","","https://s.alicdn.com/@img/imgextra/i1/O1CN01skevju1mJMrEIZqWk_!!6000000004933-55-tps-21-21.svg","https://s.alicdn.com/@img/imgextra/i1/O1CN01skevju1mJMrEIZqWk_!!6000000004933-55-tps-21-21.svg","",""
